Task ID;Task Name;Assignee;Start Date;Due Date;Revisão Kalinne até;Quando roda;Depende de (plano);Confira;Descrição
;Narrativa;Kalinne + Henri;29/09/2026;02/10/2026;05/10/2026;—;F0.7;existe na sua lista?;Mesma narrativa das duas listas. O fio que amarra trailer, pronunciamento, manifesto e aula magna.
;Id Visual;Maytte;29/09/2026;01/10/2026;02/10/2026;—;F1.1;existe na sua lista?;Logo/selo + paleta + tipografia. BLOQUEIA todo o design da campanha.
;[Grupos WhatsApp] Capa + Configuração;Hugo + Maytte;05/10/2026;15/10/2026;16/10/2026;—;F1.5;existe na sua lista?;Grupos de captação geral. Capa sai do kit da Maytte.
;[Pré-captação orgânico] Vídeos;Nayara (seleção) + Jota (edição);25/09/2026;30/09/2026;30/09/2026;29/09 a 19/10;F2.2 · F9.3;existe na sua lista?;Corredor Polonês fase 1: cortes das ~200 aulas. SEM CTA. Lotes semanais até 19/10.
;[Pré-captação orgânico] API;Henri (copy) + Hugo;05/10/2026;09/10/2026;09/10/2026;06/10 a 19/10;F2.3;existe na sua lista?;Fase 1 para a base que já existe. Sem oferta, sem data.
;[Pré-captação] Tráfego fase 1;Apoena;29/09/2026;01/10/2026;;29/09 a 19/10;—;existe na sua lista?;Público quente. Verba R$ 1.500.
;[Pré-captação] Funil de Live Semanal;Isadora + Nayara;25/09/2026;29/09/2026;;29/09 a 03/11;—;existe na sua lista?;6 edições, terças 20h30. Verba R$ 1.500.
;[Trailer] Roteiro;Henri;05/10/2026;07/10/2026;08/10/2026;—;F0.7;existe na sua lista?;Revela 09/11.
;[Trailer] Gravação;Isadora + Nayara;13/10/2026;14/10/2026;;—;F2.6 · F2.7;existe na sua lista?;GRAVAÇÃO 1, dois dias inteiros. Checklist de cenas fechado em 12/10.
;[Trailer] Edição;Jota;15/10/2026;16/10/2026;16/10/2026;no ar 20/10;—;existe na sua lista?;FOLGA ZERO. Gravação fecha 14/10 e o trailer sobe 20/10. Ajustes em 19/10.
;[Captação] Página de captura — copy;Henri;05/10/2026;06/10/2026;07/10/2026;—;F0.7;existe na sua lista?;Destrava o layout.
;[Captação] Página de captura — layout;Maytte;09/10/2026;13/10/2026;14/10/2026;—;F2.8 · F1.5;existe na sua lista?;Só começa com a copy APROVADA.
;[Captação] Página de captura — implementação;Ericson;15/10/2026;19/10/2026;20/10/2026;—;F3.3;existe na sua lista?;
;[Captação] Página de captura — integração e teste;Ericson + Hugo;21/10/2026;22/10/2026;22/10/2026;no ar 26/10;F4.1 · F5.5 · F5.8;existe na sua lista?;ManyChat + Funnel + página de obrigado + redirect para o grupo. 2 dias úteis de folga antes de abrir.
;[Captação] Criativos — 10 vídeos;Jota + Editor 2;15/10/2026;21/10/2026;21/10/2026;26/10 a 09/11;F2.10 · Gravação 1;existe na sua lista?;
;[Captação] Criativos — 10 imagens elaboradas;Maytte;15/10/2026;20/10/2026;20/10/2026;26/10 a 09/11;F2.11;existe na sua lista?;
;[Captação] Criativos — 10 imagens nativas;Maytte;15/10/2026;21/10/2026;21/10/2026;26/10 a 09/11;F2.11;existe na sua lista?;Estética de celular, sem cara de anúncio.
;[Captação] Tráfego — estrutura, públicos e exclusões;Apoena;01/10/2026;07/10/2026;08/10/2026;—;F0.2;existe na sua lista?;CRÍTICO: alunos excluídos de TODA a mídia. Se um aluno vir o anúncio de R$ 1.997, a oferta de R$ 1.497 morre.
;[Captação] Tráfego — subir campanha;Apoena;22/10/2026;23/10/2026;;26/10 a 09/11;F7.1 · criativos · página;existe na sua lista?;15 dias, verba R$ 10.500. Criativos na mão 2 dias antes.
;[Captação orgânica] E-mails;Henri (copy) + Hugo (Funnel);08/10/2026;23/10/2026;23/10/2026;26/10 a 09/11;F2.15 · F5.10;existe na sua lista?;
;[Captação orgânica] API;Henri (copy) + Hugo (ManyChat);08/10/2026;23/10/2026;23/10/2026;26/10 a 09/11;F2.15 · F5.5;existe na sua lista?;
;[Captação orgânica] Mensagens grupos whatsapp;Henri (copy) + Hugo;08/10/2026;23/10/2026;23/10/2026;26/10 a 09/11;F2.15;existe na sua lista?;
;[Captação] Arrastão 1;Isadora + Hugo;20/10/2026;23/10/2026;;26/10;F5.8 · F5.9;existe na sua lista?;Puxar todo mundo dos grupos antigos para a captação nova.
;[Pronunciamento] Roteiro;Henri;05/10/2026;09/10/2026;09/10/2026;—;F0.7;existe na sua lista?;Grava 13-14/10.
;[Pronunciamento] Edição;Editor 2;15/10/2026;21/10/2026;21/10/2026;no ar 28/10;Gravação 1;existe na sua lista?;
;[Manifesto] Roteiro;Henri;12/10/2026;16/10/2026;19/10/2026;—;—;existe na sua lista?;Grava 26-27/10.
;[Manifesto] Gravação;Isadora + Nayara;26/10/2026;27/10/2026;;—;F2.12 · F2.19 · F2.20;existe na sua lista?;GRAVAÇÃO 2. 26/10 é o mesmo dia que abre a captação — Robson grava, a abertura é do time.
;[Manifesto] Edição;Jota;28/10/2026;29/10/2026;29/10/2026;no ar 03/11;Gravação 2;existe na sua lista?;Ajustes 30/10.
;[Fase 2] Conteúdos de quebra de objeção;Henri + Jota;12/10/2026;22/10/2026;22/10/2026;22/10 a 09/11;F2.13;existe na sua lista?;Roda junto com a captação. COM CTA. Verba menor.
;[Antecipação]  E-mails;Henri (copy) + Hugo;23/10/2026;30/10/2026;30/10/2026;04/11 a 09/11;F2.19 · F5.11;existe na sua lista?;
;[Antecipação]   API;Henri (copy) + Hugo;23/10/2026;30/10/2026;30/10/2026;04/11 a 09/11;F2.19 · F5.11;existe na sua lista?;
;[Antecipação] Mensagens grupos whatsapp;Henri (copy) + Hugo;23/10/2026;30/10/2026;30/10/2026;04/11 a 09/11;F2.19;existe na sua lista?;
;[Antecipação] Arrastão 2;Isadora + Hugo;30/10/2026;05/11/2026;;06/11 a 08/11;F5.11;existe na sua lista?;
;Criar aula no Zoom;Hugo;19/10/2026;28/10/2026;29/10/2026;09/11 20h30;—;existe na sua lista?;Sala, link, capacidade, gravação e teste de transmissão. Dimensionar para a aula maior das duas.
;[Materiais aula];Maytte;16/10/2026;05/11/2026;06/11/2026;09/11;F2.22 · F3.1 · Materiais da aula de alunos;existe na sua lista?;A apresentação dos 11 cursos. Adapta a versão usada em 05/11 na aula de alunos, trocando o bloco de preço.
;[Estou ao vivo e Cadê Você] API;Henri (copy) + Hugo;26/10/2026;05/11/2026;06/11/2026;09/11;F2.19 · F5.11;existe na sua lista?;
;[Estou ao vivo e Cadê Você] E-mails;Henri (copy) + Hugo;26/10/2026;05/11/2026;06/11/2026;09/11;F2.19 · F5.11;existe na sua lista?;
;[Estou ao vivo e Cadê Você] Mensagens grupo whatsapp;Henri (copy) + Hugo;26/10/2026;05/11/2026;06/11/2026;09/11;F2.19;existe na sua lista?;
;[Estou ao vivo]  URA e SMS;Henri (copy) + Hugo;26/10/2026;05/11/2026;06/11/2026;09/11;F2.19;existe na sua lista?;Custo de fornecedor não está no orçamento de R$ 15 mil. Decidir até 26/10 se entra.
;[Jato] Campanha do dia da aula;Apoena;02/11/2026;06/11/2026;;09/11;F7.5;existe na sua lista?;
;[Inscrições] Página de vendas;Henri + Maytte + Ericson;29/09/2026;30/10/2026;30/10/2026;09/11 em diante;F2.14b · F3.6b · F4.8;existe na sua lista?;MESMA página da lista de alunos: uma só, com preço conforme a origem do acesso. Não duplicar a tarefa nas duas listas — deixar nesta e referenciar na outra.
;[Inscrições] Checkout;Hugo;05/10/2026;20/10/2026;21/10/2026;09/11 em diante;F0.2;existe na sua lista?;Checkout geral a R$ 1.997.
;[Inscrições]  API;Henri (copy) + Hugo;26/10/2026;06/11/2026;06/11/2026;09/11 em diante;F2.24;existe na sua lista?;
;[Inscrições]  E-mails;Henri (copy) + Hugo;26/10/2026;06/11/2026;06/11/2026;09/11 em diante;F2.24;existe na sua lista?;
;[Inscrições]  Mensagens grupo whatsapp;Henri (copy) + Hugo;26/10/2026;06/11/2026;06/11/2026;09/11 em diante;F2.24;existe na sua lista?;
;[Incrições] Automação e-mail compras;Henri (copy) + Hugo;22/10/2026;30/10/2026;30/10/2026;09/11 em diante;F5.3;existe na sua lista?;Confirmação e boas-vindas pós-compra.
;[Inscrições] Automação API compras;Hugo;22/10/2026;30/10/2026;30/10/2026;09/11 em diante;F5.3;existe na sua lista?;
;[Carrinho aberto] Criativos — 30 peças;Henri + Maytte + Editor 2;26/10/2026;04/11/2026;05/11/2026;09/11 em diante;F2.20 · Gravação 2;existe na sua lista?;10 vídeos + 10 imagens elaboradas + 10 nativas.
;[Carrinho aberto] Tráfego;Apoena;04/11/2026;06/11/2026;;09/11 em diante;criativos de carrinho;existe na sua lista?;
;[Virada de lote] Comunicação e estrutura;Henri + Hugo + Maytte;02/11/2026;11/11/2026;12/11/2026;quando o CPA subir;F2.24 · F5.12;existe na sua lista?;3 dias de urgência, até 10 mensagens/dia, depois sobe R$ 250. Não é data fixa.
