Grupo;Tarefa;Subtarefa;Nível;Responsável;Início;Entrega;Campanha roda;Observação
1. Pré Lançamento;Narrativa;;TAREFA;—;28/09/2026;01/10/2026;—;O fio que amarra tudo. Bloqueia a copy de todas as peças.
1. Pré Lançamento;Narrativa;Criar narrativa do lançamento;SUBTAREFA;Hugo;;28/09/2026;;
1. Pré Lançamento;Narrativa;Aprovar narrativa do lançamento;SUBTAREFA;Kalinne;;01/10/2026;;
1. Pré Lançamento;Id Visual;;TAREFA;—;28/09/2026;02/10/2026;—;BLOQUEIA todo o design. Hoje não existe identidade visual da Black.
1. Pré Lançamento;Id Visual;Briefing id visual do lançamento;SUBTAREFA;Isadora;;28/09/2026;;
1. Pré Lançamento;Id Visual;Entregar id visual do lançamento;SUBTAREFA;Maytte;;30/09/2026;;
1. Pré Lançamento;Id Visual;Aprovar id visual do lançamento;SUBTAREFA;Kalinne;;02/10/2026;;
2. Corredor Polonês – Fase 1 e 2;Campanha Distribuição Nível de Consciência fase 1 e 2;;TAREFA;—;28/09/2026;29/09/2026;29/09 a 19/10;Template do Ferrari marcava 14/09. Movido para a nossa janela de fase 1.
2. Corredor Polonês – Fase 1 e 2;Campanha Distribuição Nível de Consciência fase 1 e 2;Liberar para tráfego videos + legenda distribuição nível de consciência fase 1 e 2;SUBTAREFA;Apoena;;28/09/2026;;
2. Corredor Polonês – Fase 1 e 2;Campanha Distribuição Nível de Consciência fase 1 e 2;Subir videos de dist. nível de consciência fase 1 e 2;SUBTAREFA;Apoena;;29/09/2026;;
2. Corredor Polonês – Fase 1 e 2;[Dist. de Nível de Consciência tráfego] Copy legenda fase 1 e 2;;TAREFA;—;28/09/2026;29/09/2026;29/09 a 19/10;
2. Corredor Polonês – Fase 1 e 2;[Dist. de Nível de Consciência tráfego] Copy legenda fase 1 e 2;Copy para tráfego legenda distribuição nível de consciência fase 1 e 2;SUBTAREFA;Henri;;28/09/2026;;
2. Corredor Polonês – Fase 1 e 2;[Dist. de Nível de Consciência tráfego] Copy legenda fase 1 e 2;Aprovar copy tráfego legenda distribuição nível de consciência fase 1 e 2;SUBTAREFA;Kalinne;;29/09/2026;;
2. Corredor Polonês – Fase 1 e 2;[Dist. de Nível de Consciência tráfego] Criativos Vídeos fase 1 e 2;;TAREFA;—;28/09/2026;09/10/2026;29/09 a 19/10;"ATENÇÃO: o template prevê GRAVAÇÃO nova. Nossa estratégia usa as ~200 aulas do acervo. Decidir se ""Gravação"" vira ""seleção de trechos""."
2. Corredor Polonês – Fase 1 e 2;[Dist. de Nível de Consciência tráfego] Criativos Vídeos fase 1 e 2;Copy para videos dist. nível de consciência fase 1 e 2;SUBTAREFA;Henri;;28/09/2026;;
2. Corredor Polonês – Fase 1 e 2;[Dist. de Nível de Consciência tráfego] Criativos Vídeos fase 1 e 2;Aprovar copy videos dist. nível de consciência fase 1 e 2;SUBTAREFA;Kalinne;;29/09/2026;;
2. Corredor Polonês – Fase 1 e 2;[Dist. de Nível de Consciência tráfego] Criativos Vídeos fase 1 e 2;Gravação videos dist. nível de consciência fase 1 e 2;SUBTAREFA;Robson + Nayara;;30/09/2026;;
2. Corredor Polonês – Fase 1 e 2;[Dist. de Nível de Consciência tráfego] Criativos Vídeos fase 1 e 2;Receber vídeos dist. nível de consciência fase 1 e 2 gravados;SUBTAREFA;Nayara;;01/10/2026;;
2. Corredor Polonês – Fase 1 e 2;[Dist. de Nível de Consciência tráfego] Criativos Vídeos fase 1 e 2;Subir vídeos dist. nível de consciência fase 1 e 2 brutos na pasta para editar;SUBTAREFA;Nayara;;02/10/2026;;
2. Corredor Polonês – Fase 1 e 2;[Dist. de Nível de Consciência tráfego] Criativos Vídeos fase 1 e 2;Briefing edição vídeos dist. nível de consciência fase 1 e 2;SUBTAREFA;Isadora;;06/10/2026;;
2. Corredor Polonês – Fase 1 e 2;[Dist. de Nível de Consciência tráfego] Criativos Vídeos fase 1 e 2;Entregar vídeos dist. nível de consciência fase 1 e 2 editados;SUBTAREFA;Jota;;07/10/2026;;
2. Corredor Polonês – Fase 1 e 2;[Dist. de Nível de Consciência tráfego] Criativos Vídeos fase 1 e 2;Aprovação vídeos dist. nível de consciência fase 1 e 2;SUBTAREFA;Kalinne;;08/10/2026;;
2. Corredor Polonês – Fase 1 e 2;[Dist. de Nível de Consciência tráfego] Criativos Vídeos fase 1 e 2;Arrumar nomenclatura arquivos vídeos dist. nível de consciência fase 1 e 2;SUBTAREFA;Nayara;;09/10/2026;;
2. Corredor Polonês – Fase 1 e 2;Campanha de tráfego Pré-Captação;;TAREFA;—;15/10/2026;16/10/2026;19/10 a 25/10;Template: 05/10–11/10. Movido para a semana anterior à nossa captação (26/10).
2. Corredor Polonês – Fase 1 e 2;Campanha de tráfego Pré-Captação;Liberar vídeos + legendas de pré-captação para tráfego;SUBTAREFA;Apoena;;15/10/2026;;
2. Corredor Polonês – Fase 1 e 2;Campanha de tráfego Pré-Captação;Subir criativos de Pré-Captação;SUBTAREFA;Apoena;;16/10/2026;;
2. Corredor Polonês – Fase 1 e 2;[Pré-captação tráfego] Copy legenda;;TAREFA;—;08/10/2026;14/10/2026;19/10 a 25/10;
2. Corredor Polonês – Fase 1 e 2;[Pré-captação tráfego] Copy legenda;Copy para legenda tráfego de pré-captação;SUBTAREFA;Henri;;08/10/2026;;
2. Corredor Polonês – Fase 1 e 2;[Pré-captação tráfego] Copy legenda;Aprovar copy legenda tráfego de pré-captação;SUBTAREFA;Kalinne;;14/10/2026;;
2. Corredor Polonês – Fase 1 e 2;[Pré-captação tráfego] Criativos vídeos;;TAREFA;—;05/10/2026;15/10/2026;19/10 a 25/10;Material sai da GRAVAÇÃO 1 (13 e 14/10).
2. Corredor Polonês – Fase 1 e 2;[Pré-captação tráfego] Criativos vídeos;Copy vídeos de pré-captação;SUBTAREFA;Henri;;05/10/2026;;
2. Corredor Polonês – Fase 1 e 2;[Pré-captação tráfego] Criativos vídeos;Aprovar copy vídeos de pré-captação;SUBTAREFA;Kalinne;;06/10/2026;;
2. Corredor Polonês – Fase 1 e 2;[Pré-captação tráfego] Criativos vídeos;Gravação vídeos de pré-captação;SUBTAREFA;Robson + Nayara;;07/10/2026;;
2. Corredor Polonês – Fase 1 e 2;[Pré-captação tráfego] Criativos vídeos;Receber vídeos pré-captação gravados;SUBTAREFA;Nayara;;08/10/2026;;
2. Corredor Polonês – Fase 1 e 2;[Pré-captação tráfego] Criativos vídeos;Subir vídeos brutos de pré-captação na pasta para editar;SUBTAREFA;Nayara;;09/10/2026;;
2. Corredor Polonês – Fase 1 e 2;[Pré-captação tráfego] Criativos vídeos;Briefing para edição vídeos de pré-captação;SUBTAREFA;Isadora;;12/10/2026;;
2. Corredor Polonês – Fase 1 e 2;[Pré-captação tráfego] Criativos vídeos;Entregar vídeos de pré-captação editados;SUBTAREFA;Jota;;13/10/2026;;
2. Corredor Polonês – Fase 1 e 2;[Pré-captação tráfego] Criativos vídeos;Aprovar vídeos de pré-captação editados;SUBTAREFA;Kalinne;;14/10/2026;;
2. Corredor Polonês – Fase 1 e 2;[Pré-captação tráfego] Criativos vídeos;Arrumar nomenclatura dos arquivos de vídeos de pré-captação;SUBTAREFA;Nayara;;15/10/2026;;
3. Captação;Campanha de Captação;;TAREFA;—;22/10/2026;23/10/2026;26/10 a 09/11;Template: 12/10–05/11. Nossa captação geral: 15 dias, 26/10 a 09/11.
3. Captação;Campanha de Captação;Liberar para tráfego criativos + legenda de captação;SUBTAREFA;Apoena;;22/10/2026;;
3. Captação;Campanha de Captação;Subir criativos de captação;SUBTAREFA;Apoena;;23/10/2026;;
3. Captação;[Pesquisa de leads] Forms;;TAREFA;—;05/10/2026;21/10/2026;26/10 a 09/11;NÃO ESTAVA NO MEU PLANO. Diagnóstico da audiência antes de vender.
3. Captação;[Pesquisa de leads] Forms;Briefing capa da pesquisa;SUBTAREFA;Isadora;;05/10/2026;;
3. Captação;[Pesquisa de leads] Forms;Entregar capa da pesquisa;SUBTAREFA;Maytte;;07/10/2026;;
3. Captação;[Pesquisa de leads] Forms;Aprovar capa da pequisa;SUBTAREFA;Kalinne;;08/10/2026;;
3. Captação;[Pesquisa de leads] Forms;Copy perguntas pesquisa leads;SUBTAREFA;Henri;;09/10/2026;;
3. Captação;[Pesquisa de leads] Forms;Aprovar perguntas pesquisa de leads;SUBTAREFA;Kalinne;;13/10/2026;;
3. Captação;[Pesquisa de leads] Forms;Criar forms e colocar capa da pesquisa;SUBTAREFA;Hugo;;15/10/2026;;
3. Captação;[Pesquisa de leads] Forms;Pegar link fechado da pesquisa e colocar no domínio;SUBTAREFA;Hugo;;16/10/2026;;
3. Captação;[Pesquisa de leads] Forms;Colocar o link da pesquisa na descrição dos grupos;SUBTAREFA;Hugo;;19/10/2026;;
3. Captação;[Pesquisa de leads] Forms;Colocar o link da pesquisa na automação de e-mail boas vindas;SUBTAREFA;Hugo;;21/10/2026;;
3. Captação;[Captação tráfego] Página de cadastro e obrigado;;TAREFA;—;05/10/2026;22/10/2026;26/10 a 09/11;CORRENTE CRÍTICA. Pronta e testada 22/10 — 2 dias úteis antes de abrir a captação.
3. Captação;[Captação tráfego] Página de cadastro e obrigado;Briefing / Copy para página de cadastro e obrigado;SUBTAREFA;Henri;;05/10/2026;;
3. Captação;[Captação tráfego] Página de cadastro e obrigado;Aprovar briefing / copy página de cadastro e obrigado;SUBTAREFA;Kalinne;;07/10/2026;;
3. Captação;[Captação tráfego] Página de cadastro e obrigado;Entregar layout página de cadastro e obrigado;SUBTAREFA;Maytte;;09/10/2026;;
3. Captação;[Captação tráfego] Página de cadastro e obrigado;Aprovar layout página de cadastro e obrigado;SUBTAREFA;Kalinne;;13/10/2026;;
3. Captação;[Captação tráfego] Página de cadastro e obrigado;Implementar página de cadastro e obrigado;SUBTAREFA;Ericson;;14/10/2026;;
3. Captação;[Captação tráfego] Página de cadastro e obrigado;Configurar pixel página de cadastro e obrigado;SUBTAREFA;Ericson;;16/10/2026;;
3. Captação;[Captação tráfego] Página de cadastro e obrigado;Integrações página de cadastro e obrigado;SUBTAREFA;Ericson;;20/10/2026;;
3. Captação;[Captação tráfego] Página de cadastro e obrigado;Conferir e testar página de cadastro e obrigado;SUBTAREFA;Ericson;;22/10/2026;;
3. Captação;[Automação API] Boas vindas cadastrados;;TAREFA;—;14/10/2026;23/10/2026;26/10 a 09/11;
3. Captação;[Automação API] Boas vindas cadastrados;Copy automação API boas vindas cadastrados;SUBTAREFA;Henri;;14/10/2026;;
3. Captação;[Automação API] Boas vindas cadastrados;Aprovar copy automação API boas vindas cadastrados;SUBTAREFA;Kalinne;;20/10/2026;;
3. Captação;[Automação API] Boas vindas cadastrados;Criar automação API boas vindas cadastrados;SUBTAREFA;Hugo;;23/10/2026;;
3. Captação;[Captação orgânica] Instagram;;TAREFA;—;19/10/2026;23/10/2026;26/10 a 09/11;
3. Captação;[Captação orgânica] Instagram;Copy bio instagram;SUBTAREFA;Henri;;19/10/2026;;
3. Captação;[Captação orgânica] Instagram;Aprovar copy bio instagram;SUBTAREFA;Kalinne;;21/10/2026;;
3. Captação;[Captação orgânica] Instagram;Trocar bio no instagram;SUBTAREFA;Hugo;;23/10/2026;;
3. Captação;[Grupos WhatsApp] Capa + Configuração;;TAREFA;—;05/10/2026;21/10/2026;26/10 a 09/11;
3. Captação;[Grupos WhatsApp] Capa + Configuração;Briefing imagem capa para grupos whatsapp;SUBTAREFA;Isadora;;05/10/2026;;
3. Captação;[Grupos WhatsApp] Capa + Configuração;Entregar imagem capa para grupos whatsapp;SUBTAREFA;Maytte;;07/10/2026;;
3. Captação;[Grupos WhatsApp] Capa + Configuração;Aprovar imagem capa dos grupos whatsapp;SUBTAREFA;Kalinne;;12/10/2026;;
3. Captação;[Grupos WhatsApp] Capa + Configuração;Copy descrição + nome grupos whastapp;SUBTAREFA;Henri;;14/10/2026;;
3. Captação;[Grupos WhatsApp] Capa + Configuração;Aprovar copy descrição dos grupos whatsapp;SUBTAREFA;Kalinne;;19/10/2026;;
3. Captação;[Grupos WhatsApp] Capa + Configuração;Abrir grupos do whatsapp;SUBTAREFA;Hugo;;21/10/2026;;
3. Captação;[Captação tráfego] Criativos vídeos;;TAREFA;—;08/10/2026;21/10/2026;26/10 a 09/11;Material sai da GRAVAÇÃO 1 (13 e 14/10). 2 dias úteis de folga antes de subir a campanha.
3. Captação;[Captação tráfego] Criativos vídeos;Copy para vídeos de captação;SUBTAREFA;Henri;;08/10/2026;;
3. Captação;[Captação tráfego] Criativos vídeos;Aprovar copy vídeos de captação;SUBTAREFA;Kalinne;;09/10/2026;;
3. Captação;[Captação tráfego] Criativos vídeos;Gravação vídeos de captação;SUBTAREFA;Robson + Nayara;;12/10/2026;;
3. Captação;[Captação tráfego] Criativos vídeos;Receber vídeos de captação gravados;SUBTAREFA;Nayara;;13/10/2026;;
3. Captação;[Captação tráfego] Criativos vídeos;Subir vídeos brutos de captação na pasta para editar;SUBTAREFA;Nayara;;14/10/2026;;
3. Captação;[Captação tráfego] Criativos vídeos;Briefing de edição vídeos de captação;SUBTAREFA;Isadora;;16/10/2026;;
3. Captação;[Captação tráfego] Criativos vídeos;Entregar vídeos de captação editados;SUBTAREFA;Jota;;19/10/2026;;
3. Captação;[Captação tráfego] Criativos vídeos;Aprovar vídeos de captação editados;SUBTAREFA;Kalinne;;20/10/2026;;
3. Captação;[Captação tráfego] Criativos vídeos;Arrumar nomenclatura arquivos vídeos de captação;SUBTAREFA;Nayara;;21/10/2026;;
3. Captação;[Captação tráfego] Criativos imagens;;TAREFA;—;15/10/2026;21/10/2026;26/10 a 09/11;
3. Captação;[Captação tráfego] Criativos imagens;Briefing imagens de captação;SUBTAREFA;Isadora;;15/10/2026;;
3. Captação;[Captação tráfego] Criativos imagens;Entregar imagens de captação;SUBTAREFA;Maytte;;16/10/2026;;
3. Captação;[Captação tráfego] Criativos imagens;Aprovar imagens de captação;SUBTAREFA;Kalinne;;20/10/2026;;
3. Captação;[Captação tráfego] Criativos imagens;Arrumar nomenclatura arquivos imagens de captação;SUBTAREFA;Nayara;;21/10/2026;;
3. Captação;[Captação tráfego] Copy legenda;;TAREFA;—;14/10/2026;20/10/2026;26/10 a 09/11;
3. Captação;[Captação tráfego] Copy legenda;Copy legenda tráfego de captação;SUBTAREFA;Henri;;14/10/2026;;
3. Captação;[Captação tráfego] Copy legenda;Aprovar copy legenda tráfego de captação;SUBTAREFA;Kalinne;;20/10/2026;;
3. Captação;[Captação orgânica] Youtube;;TAREFA;—;05/10/2026;21/10/2026;26/10 a 09/11;
3. Captação;[Captação orgânica] Youtube;Briefing banner capa canal YT;SUBTAREFA;Isadora;;05/10/2026;;
3. Captação;[Captação orgânica] Youtube;Entregar banner capa canal YT;SUBTAREFA;Maytte;;09/10/2026;;
3. Captação;[Captação orgânica] Youtube;Aprovar banner capa canal YT;SUBTAREFA;Kalinne;;15/10/2026;;
3. Captação;[Captação orgânica] Youtube;Trocar banner capa canal YT;SUBTAREFA;Hugo;;21/10/2026;;
3. Captação;[Automação e-mail] Boas vindas cadastrados;;TAREFA;—;14/10/2026;23/10/2026;26/10 a 09/11;
3. Captação;[Automação e-mail] Boas vindas cadastrados;Copy automação de e-mail boas vindas cadastrados;SUBTAREFA;Henri;;14/10/2026;;
3. Captação;[Automação e-mail] Boas vindas cadastrados;Aprovar copy automação de e-mail boas vindas cadastrados;SUBTAREFA;Kalinne;;20/10/2026;;
3. Captação;[Automação e-mail] Boas vindas cadastrados;Criar automação e-mail boas vindas cadastrados;SUBTAREFA;Hugo;;23/10/2026;;
3. Captação;[Captação orgânica] Página de cadastro e obrigado;;TAREFA;—;15/10/2026;22/10/2026;26/10 a 09/11;
3. Captação;[Captação orgânica] Página de cadastro e obrigado;Solicitar para webdesigner página de cadastro orgânica;SUBTAREFA;Ericson;;15/10/2026;;
3. Captação;[Captação orgânica] Página de cadastro e obrigado;Aprovar página de cadastro orgânica;SUBTAREFA;Kalinne;;19/10/2026;;
3. Captação;[Captação orgânica] Página de cadastro e obrigado;Conferir e testar página de cadastro orgânica;SUBTAREFA;Ericson;;20/10/2026;;
3. Captação;[Captação orgânica] Página de cadastro e obrigado;Criar UTMs página de cadastro orgânica;SUBTAREFA;Ericson;;22/10/2026;;
4. Corredor Polonês – Fase 2;Campanha Distribuição de Nível de Consciência;;TAREFA;—;16/10/2026;19/10/2026;20/10 a 09/11;
4. Corredor Polonês – Fase 2;Campanha Distribuição de Nível de Consciência;Liberar para tráfego criativos distribuição nível de consciência fase 2;SUBTAREFA;Apoena;;16/10/2026;;
4. Corredor Polonês – Fase 2;Campanha Distribuição de Nível de Consciência;Subir criativos de distribuição de nível de consciência fase 2;SUBTAREFA;Apoena;;19/10/2026;;
4. Corredor Polonês – Fase 2;[Dist. de Nível de Consciência tráfego] Copy legenda fase 2;;TAREFA;—;08/10/2026;15/10/2026;20/10 a 09/11;
4. Corredor Polonês – Fase 2;[Dist. de Nível de Consciência tráfego] Copy legenda fase 2;Copy para tráfego legenda distribuição nível de consciência fase 2;SUBTAREFA;Henri;;08/10/2026;;
4. Corredor Polonês – Fase 2;[Dist. de Nível de Consciência tráfego] Copy legenda fase 2;Aprovar copy tráfego legenda distribuição nível de consciência fase 2;SUBTAREFA;Kalinne;;15/10/2026;;
4. Corredor Polonês – Fase 2;[Dist. de Nível de Consciência tráfego] Criativos Vídeos fase 2;;TAREFA;—;05/10/2026;16/10/2026;20/10 a 09/11;COM CTA. Quebra de objeção. Material da GRAVAÇÃO 1.
4. Corredor Polonês – Fase 2;[Dist. de Nível de Consciência tráfego] Criativos Vídeos fase 2;Copy para videos dist. nível de consciência fase 2;SUBTAREFA;Henri;;05/10/2026;;
4. Corredor Polonês – Fase 2;[Dist. de Nível de Consciência tráfego] Criativos Vídeos fase 2;Aprovar copy videos dist. nível de consciência fase 2;SUBTAREFA;Kalinne;;06/10/2026;;
4. Corredor Polonês – Fase 2;[Dist. de Nível de Consciência tráfego] Criativos Vídeos fase 2;Gravação videos dist. nível de consciência fase 2;SUBTAREFA;Robson + Nayara;;07/10/2026;;
4. Corredor Polonês – Fase 2;[Dist. de Nível de Consciência tráfego] Criativos Vídeos fase 2;Receber vídeos dist. nível de consciência fase 2 gravados;SUBTAREFA;Nayara;;08/10/2026;;
4. Corredor Polonês – Fase 2;[Dist. de Nível de Consciência tráfego] Criativos Vídeos fase 2;Subir vídeos dist. nível de consciência fase 2 brutos na pasta para editar;SUBTAREFA;Nayara;;09/10/2026;;
4. Corredor Polonês – Fase 2;[Dist. de Nível de Consciência tráfego] Criativos Vídeos fase 2;Briefing edição vídeos dist. nível de consciência fase 2;SUBTAREFA;Isadora;;13/10/2026;;
4. Corredor Polonês – Fase 2;[Dist. de Nível de Consciência tráfego] Criativos Vídeos fase 2;Entregar vídeos dist. nível de consciência fase 2 editados;SUBTAREFA;Jota;;14/10/2026;;
4. Corredor Polonês – Fase 2;[Dist. de Nível de Consciência tráfego] Criativos Vídeos fase 2;Aprovação vídeos dist. nível de consciência fase 2;SUBTAREFA;Kalinne;;15/10/2026;;
4. Corredor Polonês – Fase 2;[Dist. de Nível de Consciência tráfego] Criativos Vídeos fase 2;Arrumar nomenclatura arquivos vídeos dist. nível de consciência fase 2;SUBTAREFA;Nayara;;16/10/2026;;
4. Corredor Polonês – Fase 2;Campanhas de Manifesto;;TAREFA;—;28/10/2026;30/10/2026;03/11 a 09/11;Template: 15/10–05/11. Nossa estratégia sobe o Manifesto em 03/11.
4. Corredor Polonês – Fase 2;Campanhas de Manifesto;Liberar para tráfego criativos + legenda manifesto;SUBTAREFA;Apoena;;28/10/2026;;
4. Corredor Polonês – Fase 2;Campanhas de Manifesto;Subir criativos manifesto;SUBTAREFA;Apoena;;30/10/2026;;
4. Corredor Polonês – Fase 2;[Manifesto tráfego] Copy legenda;;TAREFA;—;19/10/2026;23/10/2026;03/11 a 09/11;
4. Corredor Polonês – Fase 2;[Manifesto tráfego] Copy legenda;Copy legenda para tráfego manifesto;SUBTAREFA;Henri;;19/10/2026;;
4. Corredor Polonês – Fase 2;[Manifesto tráfego] Copy legenda;Aprovar copy legenda tráfego manifesto;SUBTAREFA;Kalinne;;23/10/2026;;
4. Corredor Polonês – Fase 2;[Manifesto tráfego] Criativos Vídeos;;TAREFA;—;12/10/2026;30/10/2026;03/11 a 09/11;Material sai da GRAVAÇÃO 2 (26 e 27/10).
4. Corredor Polonês – Fase 2;[Manifesto tráfego] Criativos Vídeos;Copy vídeos de manifesto;SUBTAREFA;Henri;;12/10/2026;;
4. Corredor Polonês – Fase 2;[Manifesto tráfego] Criativos Vídeos;Aprovar copy videos de manifesto;SUBTAREFA;Kalinne;;14/10/2026;;
4. Corredor Polonês – Fase 2;[Manifesto tráfego] Criativos Vídeos;Gravação vídeos manifesto;SUBTAREFA;Robson + Nayara;;16/10/2026;;
4. Corredor Polonês – Fase 2;[Manifesto tráfego] Criativos Vídeos;Receber vídeos manifesto gravados;SUBTAREFA;Nayara;;19/10/2026;;
4. Corredor Polonês – Fase 2;[Manifesto tráfego] Criativos Vídeos;Subir vídeos brutos manifesto na pasta para editar;SUBTAREFA;Nayara;;21/10/2026;;
4. Corredor Polonês – Fase 2;[Manifesto tráfego] Criativos Vídeos;Briefing edição vídeos de manifesto;SUBTAREFA;Isadora;;23/10/2026;;
4. Corredor Polonês – Fase 2;[Manifesto tráfego] Criativos Vídeos;Entregar vídeos de manifesto editados;SUBTAREFA;Jota;;26/10/2026;;
4. Corredor Polonês – Fase 2;[Manifesto tráfego] Criativos Vídeos;Aprovar vídeos de manifesto editados;SUBTAREFA;Kalinne;;28/10/2026;;
4. Corredor Polonês – Fase 2;[Manifesto tráfego] Criativos Vídeos;Arrumar nomenclatura arquivos vídeos de manifesto;SUBTAREFA;Nayara;;30/10/2026;;
4. Corredor Polonês – Fase 2;[Transmissão aulas] Youtube;;TAREFA;—;19/10/2026;30/10/2026;09/11;A aula de NÃO ALUNOS é no YouTube. A de alunos é no Zoom.
4. Corredor Polonês – Fase 2;[Transmissão aulas] Youtube;Definir nome da aula;SUBTAREFA;Kalinne;;19/10/2026;;
4. Corredor Polonês – Fase 2;[Transmissão aulas] Youtube;Briefing thumb aula Youtube;SUBTAREFA;Isadora;;21/10/2026;;
4. Corredor Polonês – Fase 2;[Transmissão aulas] Youtube;Entregar thumb aula Youtube;SUBTAREFA;Maytte;;23/10/2026;;
4. Corredor Polonês – Fase 2;[Transmissão aulas] Youtube;Aprovar thumb aula Youtube;SUBTAREFA;Kalinne;;28/10/2026;;
4. Corredor Polonês – Fase 2;[Transmissão aulas] Youtube;Criar aula no Youtube;SUBTAREFA;Hugo;;30/10/2026;;
4. Corredor Polonês – Fase 2;[Tráfego] Link transmissão aula Youtube;;TAREFA;—;30/10/2026;04/11/2026;09/11;
4. Corredor Polonês – Fase 2;[Tráfego] Link transmissão aula Youtube;Colocar link da aula no Youtube no domínio (redirect);SUBTAREFA;Hugo;;30/10/2026;;
5. Conversão PPL;Campanha de Antecipação Aula;;TAREFA;—;30/10/2026;02/11/2026;03/11 a 09/11;Template: 30/10–05/11. Movido para a janela da nossa aula de 09/11.
5. Conversão PPL;Campanha de Antecipação Aula;Liberar criativos de antecipação;SUBTAREFA;Apoena;;30/10/2026;;
5. Conversão PPL;Campanha de Antecipação Aula;Subir criativos de antecipação;SUBTAREFA;Apoena;;30/10/2026;;
5. Conversão PPL;[Antecipação tráfego] Copy legenda;;TAREFA;—;21/10/2026;28/10/2026;03/11 a 09/11;
5. Conversão PPL;[Antecipação tráfego] Copy legenda;Copy legenda tráfego de antecipação;SUBTAREFA;Henri;;21/10/2026;;
5. Conversão PPL;[Antecipação tráfego] Copy legenda;Aprovar copy legenda tráfego de antecipação;SUBTAREFA;Kalinne;;28/10/2026;;
5. Conversão PPL;[Antecipação tráfego] Criativos Vídeos;;TAREFA;—;14/10/2026;30/10/2026;03/11 a 09/11;Material sai da GRAVAÇÃO 2 (26 e 27/10).
5. Conversão PPL;[Antecipação tráfego] Criativos Vídeos;Copy para vídeos de antecipação;SUBTAREFA;Henri;;14/10/2026;;
5. Conversão PPL;[Antecipação tráfego] Criativos Vídeos;Aprovação copy vídeos de antecipação;SUBTAREFA;Kalinne;;16/10/2026;;
5. Conversão PPL;[Antecipação tráfego] Criativos Vídeos;Gravação vídeos de antecipação;SUBTAREFA;Robson + Nayara;;19/10/2026;;
5. Conversão PPL;[Antecipação tráfego] Criativos Vídeos;Receber vídeos de antecipação gravados;SUBTAREFA;Nayara;;20/10/2026;;
5. Conversão PPL;[Antecipação tráfego] Criativos Vídeos;Subir vídeos brutos de antecipação na pasta para editar;SUBTAREFA;Nayara;;22/10/2026;;
5. Conversão PPL;[Antecipação tráfego] Criativos Vídeos;Briefing de edição vídeos de antecipação;SUBTAREFA;Isadora;;26/10/2026;;
5. Conversão PPL;[Antecipação tráfego] Criativos Vídeos;Entregar vídeos de antecipação editados;SUBTAREFA;Jota;;27/10/2026;;
5. Conversão PPL;[Antecipação tráfego] Criativos Vídeos;Aprovar vídeos de antecipação editados;SUBTAREFA;Kalinne;;28/10/2026;;
5. Conversão PPL;[Antecipação tráfego] Criativos Vídeos;Arrumar nomenclatura arquivos vídeos de antecipação;SUBTAREFA;Nayara;;30/10/2026;;
5. Conversão PPL;[Antecipação tráfego] Criativos imagens;;TAREFA;—;22/10/2026;29/10/2026;03/11 a 09/11;
5. Conversão PPL;[Antecipação tráfego] Criativos imagens;Briefing imagens de antecipação;SUBTAREFA;Isadora;;22/10/2026;;
5. Conversão PPL;[Antecipação tráfego] Criativos imagens;Entregar imagens de antecipação;SUBTAREFA;Maytte;;26/10/2026;;
5. Conversão PPL;[Antecipação tráfego] Criativos imagens;Aprovar imagens de antecipação;SUBTAREFA;Kalinne;;27/10/2026;;
5. Conversão PPL;[Antecipação tráfego] Criativos imagens;Arrumar nomenclatura arquivos imagens de antecipação;SUBTAREFA;Nayara;;29/10/2026;;
5. Conversão PPL;[Antecipação orgânico] Imagens;;TAREFA;—;22/10/2026;29/10/2026;03/11 a 09/11;
5. Conversão PPL;[Antecipação orgânico] Imagens;Briefing imagens de antecipação;SUBTAREFA;Isadora;;22/10/2026;;
5. Conversão PPL;[Antecipação orgânico] Imagens;Entregar imagens de antecipação;SUBTAREFA;Maytte;;26/10/2026;;
5. Conversão PPL;[Antecipação orgânico] Imagens;Aprovar imagens de antecipação;SUBTAREFA;Kalinne;;29/10/2026;;
5. Conversão PPL;[Antecipação] API;;TAREFA;—;21/10/2026;29/10/2026;03/11 a 09/11;
5. Conversão PPL;[Antecipação] API;Copy antecipação aula API;SUBTAREFA;Henri;;21/10/2026;;
5. Conversão PPL;[Antecipação] API;Aprovar copy antecipação aula API;SUBTAREFA;Kalinne;;26/10/2026;;
5. Conversão PPL;[Antecipação] API;Programar API antecipação aula;SUBTAREFA;Hugo;;29/10/2026;;
5. Conversão PPL;[Antecipação] E-mails;;TAREFA;—;21/10/2026;29/10/2026;03/11 a 09/11;
5. Conversão PPL;[Antecipação] E-mails;Copy e-mails de antecipação aula;SUBTAREFA;Henri;;21/10/2026;;
5. Conversão PPL;[Antecipação] E-mails;Aprovar copy e-mails de antecipação aula;SUBTAREFA;Kalinne;;26/10/2026;;
5. Conversão PPL;[Antecipação] E-mails;Programar e-mails de antecipação aula;SUBTAREFA;Hugo;;29/10/2026;;
5. Conversão PPL;[Antecipação] Mensagens grupos whatsapp;;TAREFA;—;26/10/2026;29/10/2026;03/11 a 09/11;
5. Conversão PPL;[Antecipação] Mensagens grupos whatsapp;Copy mensagens antecipação aula grupos whatsapp;SUBTAREFA;Henri;;26/10/2026;;
5. Conversão PPL;[Antecipação] URA e SMS;;TAREFA;—;21/10/2026;29/10/2026;03/11 a 09/11;CUSTO DE FORNECEDOR NÃO ORÇADO. Decidir até 21/10 se entra.
5. Conversão PPL;[Antecipação] URA e SMS;Copy URA e SMS aula;SUBTAREFA;Henri;;21/10/2026;;
5. Conversão PPL;[Antecipação] URA e SMS;Aprovar URA e SMS aula;SUBTAREFA;Kalinne;;26/10/2026;;
5. Conversão PPL;[Antecipação] URA e SMS;Programar URA e SMS aula;SUBTAREFA;Hugo;;29/10/2026;;
5. Conversão PPL;[Funil Live Semanal] Temas;;TAREFA;—;28/09/2026;30/09/2026;29/09 a 03/11;6 edições, terças 20h30: 29/09, 06/10, 13/10, 20/10, 27/10, 03/11.
5. Conversão PPL;[Funil Live Semanal] Temas;Definir temas das lives semanais;SUBTAREFA;Kalinne;;28/09/2026;;
6. Conversão PL;Campanha Ao Vivo (A jato);;TAREFA;—;05/11/2026;06/11/2026;09/11;
6. Conversão PL;Campanha Ao Vivo (A jato);Liberar criativos estou ao vivo + link da aula para tráfego;SUBTAREFA;Apoena;;05/11/2026;;
6. Conversão PL;Campanha Ao Vivo (A jato);Subir criativos de estou ao vivo;SUBTAREFA;Apoena;;06/11/2026;;
6. Conversão PL;[Estou ao vivo (a jato) tráfego] Criativos Vídeos;;TAREFA;—;19/10/2026;04/11/2026;09/11;Material sai da GRAVAÇÃO 2 (26 e 27/10).
6. Conversão PL;[Estou ao vivo (a jato) tráfego] Criativos Vídeos;Copy vídeos estou ao vivo aula;SUBTAREFA;Henri;;19/10/2026;;
6. Conversão PL;[Estou ao vivo (a jato) tráfego] Criativos Vídeos;Aprovar copy vídeos estou ao vivo aula;SUBTAREFA;Kalinne;;20/10/2026;;
6. Conversão PL;[Estou ao vivo (a jato) tráfego] Criativos Vídeos;Gravação vídeos estou ao vivo aula;SUBTAREFA;Robson + Nayara;;22/10/2026;;
6. Conversão PL;[Estou ao vivo (a jato) tráfego] Criativos Vídeos;Receber vídeos estou ao vivo aula gravados;SUBTAREFA;Nayara;;23/10/2026;;
6. Conversão PL;[Estou ao vivo (a jato) tráfego] Criativos Vídeos;Subir vídeos brutos de estou ao vivo aulas na pasta para editar;SUBTAREFA;Nayara;;27/10/2026;;
6. Conversão PL;[Estou ao vivo (a jato) tráfego] Criativos Vídeos;Briefing de edição vídeos estou ao vivo aula;SUBTAREFA;Isadora;;28/10/2026;;
6. Conversão PL;[Estou ao vivo (a jato) tráfego] Criativos Vídeos;Entregar vídeos de estou ao vivo aula editados;SUBTAREFA;Jota;;29/10/2026;;
6. Conversão PL;[Estou ao vivo (a jato) tráfego] Criativos Vídeos;Aprovar vídeos estou ao vivo aula editados;SUBTAREFA;Kalinne;;03/11/2026;;
6. Conversão PL;[Estou ao vivo (a jato) tráfego] Criativos Vídeos;Arrumar nomenclatura arquivos vídeos estou ao vivo aula;SUBTAREFA;Nayara;;04/11/2026;;
6. Conversão PL;[Estou ao vivo e Cadê Você] API;;TAREFA;—;26/10/2026;04/11/2026;09/11;
6. Conversão PL;[Estou ao vivo e Cadê Você] API;Copy API estou ao vivo aula;SUBTAREFA;Henri;;26/10/2026;;
6. Conversão PL;[Estou ao vivo e Cadê Você] API;Aprovar copy API estou ao vivo aula;SUBTAREFA;Kalinne;;29/10/2026;;
6. Conversão PL;[Estou ao vivo e Cadê Você] API;Programar API estou ao vivo aula;SUBTAREFA;Hugo;;04/11/2026;;
6. Conversão PL;[Estou ao vivo e Cadê Você] E-mails;;TAREFA;—;26/10/2026;04/11/2026;09/11;
6. Conversão PL;[Estou ao vivo e Cadê Você] E-mails;Copy e-mails estou ao vivo e cadê você aula;SUBTAREFA;Henri;;26/10/2026;;
6. Conversão PL;[Estou ao vivo e Cadê Você] E-mails;Aprovar e-mails estou ao vivo e cadê você aula;SUBTAREFA;Kalinne;;29/10/2026;;
6. Conversão PL;[Estou ao vivo e Cadê Você] E-mails;Programar e-mails estou ao vivo e cadê você aula;SUBTAREFA;Hugo;;04/11/2026;;
6. Conversão PL;[Materiais aula];;TAREFA;—;12/10/2026;05/11/2026;09/11;"O ""PPT aula"" é a apresentação dos 11 cursos com capa e preço — 30 min do pitch. Pronto 05/11 para o ensaio."
6. Conversão PL;[Materiais aula];Cronômetro aula;SUBTAREFA (tem filhos);—;;12/10/2026;;
6. Conversão PL;[Materiais aula];    ↳ Briefing de edição cronômetro aula;NETO;Isadora;;13/10/2026;;
6. Conversão PL;[Materiais aula];    ↳ Entregar cronômetro aula editado;NETO;Jota;;15/10/2026;;
6. Conversão PL;[Materiais aula];    ↳ Aprovar cronômetro aula;NETO;Kalinne;;16/10/2026;;
6. Conversão PL;[Materiais aula];Depoimentos;SUBTAREFA (tem filhos);—;;19/10/2026;;
6. Conversão PL;[Materiais aula];    ↳ Briefing depoimentos;NETO;Isadora;;21/10/2026;;
6. Conversão PL;[Materiais aula];    ↳ Entregar depoimentos;NETO;Maytte;;22/10/2026;;
6. Conversão PL;[Materiais aula];    ↳ Aprovar depoimentos;NETO;Kalinne;;23/10/2026;;
6. Conversão PL;[Materiais aula];PPT aula;SUBTAREFA (tem filhos);—;;26/10/2026;;
6. Conversão PL;[Materiais aula];    ↳ Copy conteúdo aula;NETO;Henri;;28/10/2026;;
6. Conversão PL;[Materiais aula];    ↳ Aprovar conteúdo aula;NETO;Kalinne;;29/10/2026;;
6. Conversão PL;[Materiais aula];    ↳ Briefing PPT conteúdo aula;NETO;Isadora;;30/10/2026;;
6. Conversão PL;[Materiais aula];    ↳ Entregar PPT conteúdo aula;NETO;Maytte;;04/11/2026;;
6. Conversão PL;[Materiais aula];    ↳ Aprovar PPT conteúdo aula;NETO;Kalinne;;05/11/2026;;
7. Conversão L;Campanha Abertura de carrinho;;TAREFA;—;05/11/2026;06/11/2026;09/11 em diante;
7. Conversão L;Campanha Abertura de carrinho;Liberar para tráfego criativos + legenda + link da página inscrições abertas;SUBTAREFA;Apoena;;05/11/2026;;
7. Conversão L;Campanha Abertura de carrinho;Subir criativos de inscrições abertas;SUBTAREFA;Apoena;;06/11/2026;;
7. Conversão L;[Inscrições] Checkout;;TAREFA;—;12/10/2026;30/10/2026;09/11 em diante;Checkout geral R$ 1.997. São 3 checkouts na campanha — os outros 2 ficam na lista de alunos e no link privado do grupo A.
7. Conversão L;[Inscrições] Checkout;Briefing banners checkout (vertical e horizontal);SUBTAREFA;Isadora;;12/10/2026;;
7. Conversão L;[Inscrições] Checkout;Entregar banners checkout;SUBTAREFA;Maytte;;16/10/2026;;
7. Conversão L;[Inscrições] Checkout;Aprovar banners checkout;SUBTAREFA;Kalinne;;21/10/2026;;
7. Conversão L;[Inscrições] Checkout;Criar checkout;SUBTAREFA;Hugo;;26/10/2026;;
7. Conversão L;[Inscrições] Checkout;Colocar link do checkout na página de vendas;SUBTAREFA;Hugo;;30/10/2026;;
7. Conversão L;[Inscrições tráfego] Página de vendas;;TAREFA;—;29/09/2026;30/10/2026;09/11 em diante;A CORRENTE MAIS LONGA DA CAMPANHA. Depende do preço de tabela dos 11 cursos. É UMA página só, com preço conforme a origem — não duplicar na lista de alunos.
7. Conversão L;[Inscrições tráfego] Página de vendas;Briefing / Copy página de vendas;SUBTAREFA;Henri;;29/09/2026;;
7. Conversão L;[Inscrições tráfego] Página de vendas;Aprovar briefing / copy página de vendas;SUBTAREFA;Kalinne;;02/10/2026;;
7. Conversão L;[Inscrições tráfego] Página de vendas;Entregar layout página de vendas;SUBTAREFA;Maytte;;08/10/2026;;
7. Conversão L;[Inscrições tráfego] Página de vendas;Aprovar layout página de vendas;SUBTAREFA;Kalinne;;13/10/2026;;
7. Conversão L;[Inscrições tráfego] Página de vendas;Implementar página de vendas;SUBTAREFA;Ericson;;16/10/2026;;
7. Conversão L;[Inscrições tráfego] Página de vendas;Configurar pixel página de vendas;SUBTAREFA;Ericson;;21/10/2026;;
7. Conversão L;[Inscrições tráfego] Página de vendas;Integrações páginas de vendas;SUBTAREFA;Ericson;;27/10/2026;;
7. Conversão L;[Inscrições tráfego] Página de vendas;Conferir e testar página de vendas;SUBTAREFA;Ericson;;30/10/2026;;
7. Conversão L;[Inscrições tráfego] Copy legenda;;TAREFA;—;26/10/2026;04/11/2026;09/11 em diante;
7. Conversão L;[Inscrições tráfego] Copy legenda;Copy legenda tráfego de inscrições abertas;SUBTAREFA;Henri;;26/10/2026;;
7. Conversão L;[Inscrições tráfego] Copy legenda;Aprovar copy legenda tráfego de inscrições abertas;SUBTAREFA;Kalinne;;04/11/2026;;
7. Conversão L;[Inscrições tráfego] Criativos Vídeos;;TAREFA;—;19/10/2026;04/11/2026;09/11 em diante;Material sai da GRAVAÇÃO 2 (26 e 27/10).
7. Conversão L;[Inscrições tráfego] Criativos Vídeos;Copy para vídeos de inscrições abertas;SUBTAREFA;Henri;;19/10/2026;;
7. Conversão L;[Inscrições tráfego] Criativos Vídeos;Aprovar copy vídeos de inscrições abertas;SUBTAREFA;Kalinne;;20/10/2026;;
7. Conversão L;[Inscrições tráfego] Criativos Vídeos;Gravação vídeos de inscrições abertas;SUBTAREFA;Robson + Nayara;;22/10/2026;;
7. Conversão L;[Inscrições tráfego] Criativos Vídeos;Receber vídeos de inscrições abertas gravados;SUBTAREFA;Nayara;;23/10/2026;;
7. Conversão L;[Inscrições tráfego] Criativos Vídeos;Subir vídeos brutos de inscrições abertas na pasta para editar;SUBTAREFA;Nayara;;27/10/2026;;
7. Conversão L;[Inscrições tráfego] Criativos Vídeos;Briefing de edição vídeos de inscrições abertas;SUBTAREFA;Isadora;;28/10/2026;;
7. Conversão L;[Inscrições tráfego] Criativos Vídeos;Entregar vídeos de inscrições abertas editados;SUBTAREFA;Jota;;29/10/2026;;
7. Conversão L;[Inscrições tráfego] Criativos Vídeos;Aprovar vídeos de inscrições abertas editados;SUBTAREFA;Kalinne;;03/11/2026;;
7. Conversão L;[Inscrições tráfego] Criativos Vídeos;Arrumar nomenclatura arquivos vídeos inscrições abertas;SUBTAREFA;Nayara;;04/11/2026;;
7. Conversão L;[Inscrições tráfego] Criativos Imagens;;TAREFA;—;26/10/2026;04/11/2026;09/11 em diante;
7. Conversão L;[Inscrições tráfego] Criativos Imagens;Copy imagens de inscrições abertas;SUBTAREFA;Henri;;26/10/2026;;
7. Conversão L;[Inscrições tráfego] Criativos Imagens;Aprovar copy imagens de inscrições abertas;SUBTAREFA;Kalinne;;27/10/2026;;
7. Conversão L;[Inscrições tráfego] Criativos Imagens;Briefing imagens de inscrições abertas;SUBTAREFA;Isadora;;28/10/2026;;
7. Conversão L;[Inscrições tráfego] Criativos Imagens;Entregar imagens de inscrições abertas;SUBTAREFA;Maytte;;30/10/2026;;
7. Conversão L;[Inscrições tráfego] Criativos Imagens;Aprovar imagens de inscrições abertas;SUBTAREFA;Kalinne;;03/11/2026;;
7. Conversão L;[Inscrições tráfego] Criativos Imagens;Arrumar nomenclatura arquivos imagens inscrições abertas;SUBTAREFA;Nayara;;04/11/2026;;
7. Conversão L;[Inscrições] Banner capa canal do YT;;TAREFA;—;26/10/2026;05/11/2026;09/11 em diante;
7. Conversão L;[Inscrições] Banner capa canal do YT;Briefing banner canal YT inscrições abertas;SUBTAREFA;Isadora;;26/10/2026;;
7. Conversão L;[Inscrições] Banner capa canal do YT;Entregar banner canal YT inscrições abertas;SUBTAREFA;Maytte;;28/10/2026;;
7. Conversão L;[Inscrições] Banner capa canal do YT;Aprovar banner canal YT inscrições abertas;SUBTAREFA;Kalinne;;03/11/2026;;
7. Conversão L;[Inscrições] Banner capa canal do YT;Trocar no YT banner inscrições abertas;SUBTAREFA;Hugo;;05/11/2026;;
7. Conversão L;[Inscrições] E-mails;;TAREFA;—;26/10/2026;05/11/2026;09/11 em diante;
7. Conversão L;[Inscrições] E-mails;Copy e-mails de inscrições;SUBTAREFA;Henri;;26/10/2026;;
7. Conversão L;[Inscrições] E-mails;Aprovar copy e-mails de inscrições;SUBTAREFA;Kalinne;;30/10/2026;;
7. Conversão L;[Inscrições] E-mails;Programar e-mails de inscrições;SUBTAREFA;Hugo;;05/11/2026;;
7. Conversão L;[Incrições] Automação e-mail compras;;TAREFA;—;19/10/2026;30/10/2026;09/11 em diante;Confirmação e boas-vindas pós-compra. Se falhar, o comprador paga e não recebe nada.
7. Conversão L;[Incrições] Automação e-mail compras;Copy e-mails automação compras;SUBTAREFA;Henri;;19/10/2026;;
7. Conversão L;[Incrições] Automação e-mail compras;Aprovar copy e-mails automação compras;SUBTAREFA;Kalinne;;22/10/2026;;
7. Conversão L;[Incrições] Automação e-mail compras;Programar automação compras;SUBTAREFA;Hugo;;27/10/2026;;
7. Conversão L;[Incrições] Automação e-mail compras;Ligar automações de compras;SUBTAREFA;Hugo;;30/10/2026;;
