Task ID;Tarefa / Subtarefa;Subtask IDs;Responsável;Início;Entrega;Grupo
1;Narrativa;2,3;—;2026-09-28;2026-10-01;1. Pré Lançamento
2;Criar narrativa do lançamento;;Hugo;;2026-09-28;1. Pré Lançamento
3;Aprovar narrativa do lançamento;;Kalinne;;2026-10-01;1. Pré Lançamento
4;Id Visual;5,6,7;—;2026-09-28;2026-10-02;1. Pré Lançamento
5;Briefing id visual do lançamento;;Isadora;;2026-09-28;1. Pré Lançamento
6;Entregar id visual do lançamento;;Maytte;;2026-09-30;1. Pré Lançamento
7;Aprovar id visual do lançamento;;Kalinne;;2026-10-02;1. Pré Lançamento
8;Campanha Distribuição Nível de Consciência fase 1 e 2;9,10;—;2026-09-28;2026-09-29;2. Corredor Polonês – Fase 1 e 2
9;Liberar para tráfego videos + legenda distribuição nível de consciência fase 1 e 2;;Apoena;;2026-09-28;2. Corredor Polonês – Fase 1 e 2
10;Subir videos de dist. nível de consciência fase 1 e 2;;Apoena;;2026-09-29;2. Corredor Polonês – Fase 1 e 2
11;[Dist. de Nível de Consciência tráfego] Copy legenda fase 1 e 2;12,13;—;2026-09-28;2026-09-29;2. Corredor Polonês – Fase 1 e 2
12;Copy para tráfego legenda distribuição nível de consciência fase 1 e 2;;Henri;;2026-09-28;2. Corredor Polonês – Fase 1 e 2
13;Aprovar copy tráfego legenda distribuição nível de consciência fase 1 e 2;;Kalinne;;2026-09-29;2. Corredor Polonês – Fase 1 e 2
14;[Dist. de Nível de Consciência tráfego] Criativos Vídeos fase 1 e 2;15,16,17,18,19,20,21,22,23;—;2026-09-28;2026-10-09;2. Corredor Polonês – Fase 1 e 2
15;Copy para videos dist. nível de consciência fase 1 e 2;;Henri;;2026-09-28;2. Corredor Polonês – Fase 1 e 2
16;Aprovar copy videos dist. nível de consciência fase 1 e 2;;Kalinne;;2026-09-29;2. Corredor Polonês – Fase 1 e 2
17;Gravação videos dist. nível de consciência fase 1 e 2;;Robson + Nayara;;2026-09-30;2. Corredor Polonês – Fase 1 e 2
18;Receber vídeos dist. nível de consciência fase 1 e 2 gravados;;Nayara;;2026-10-01;2. Corredor Polonês – Fase 1 e 2
19;Subir vídeos dist. nível de consciência fase 1 e 2 brutos na pasta para editar;;Nayara;;2026-10-02;2. Corredor Polonês – Fase 1 e 2
20;Briefing edição vídeos dist. nível de consciência fase 1 e 2;;Isadora;;2026-10-06;2. Corredor Polonês – Fase 1 e 2
21;Entregar vídeos dist. nível de consciência fase 1 e 2 editados;;Jota;;2026-10-07;2. Corredor Polonês – Fase 1 e 2
22;Aprovação vídeos dist. nível de consciência fase 1 e 2;;Kalinne;;2026-10-08;2. Corredor Polonês – Fase 1 e 2
23;Arrumar nomenclatura arquivos vídeos dist. nível de consciência fase 1 e 2;;Nayara;;2026-10-09;2. Corredor Polonês – Fase 1 e 2
24;Campanha de tráfego Pré-Captação;25,26;—;2026-10-15;2026-10-16;2. Corredor Polonês – Fase 1 e 2
25;Liberar vídeos + legendas de pré-captação para tráfego;;Apoena;;2026-10-15;2. Corredor Polonês – Fase 1 e 2
26;Subir criativos de Pré-Captação;;Apoena;;2026-10-16;2. Corredor Polonês – Fase 1 e 2
27;[Pré-captação tráfego] Copy legenda;28,29;—;2026-10-08;2026-10-14;2. Corredor Polonês – Fase 1 e 2
28;Copy para legenda tráfego de pré-captação;;Henri;;2026-10-08;2. Corredor Polonês – Fase 1 e 2
29;Aprovar copy legenda tráfego de pré-captação;;Kalinne;;2026-10-14;2. Corredor Polonês – Fase 1 e 2
30;[Pré-captação tráfego] Criativos vídeos;31,32,33,34,35,36,37,38,39;—;2026-10-05;2026-10-15;2. Corredor Polonês – Fase 1 e 2
31;Copy vídeos de pré-captação;;Henri;;2026-10-05;2. Corredor Polonês – Fase 1 e 2
32;Aprovar copy vídeos de pré-captação;;Kalinne;;2026-10-06;2. Corredor Polonês – Fase 1 e 2
33;Gravação vídeos de pré-captação;;Robson + Nayara;;2026-10-07;2. Corredor Polonês – Fase 1 e 2
34;Receber vídeos pré-captação gravados;;Nayara;;2026-10-08;2. Corredor Polonês – Fase 1 e 2
35;Subir vídeos brutos de pré-captação na pasta para editar;;Nayara;;2026-10-09;2. Corredor Polonês – Fase 1 e 2
36;Briefing para edição vídeos de pré-captação;;Isadora;;2026-10-12;2. Corredor Polonês – Fase 1 e 2
37;Entregar vídeos de pré-captação editados;;Jota;;2026-10-13;2. Corredor Polonês – Fase 1 e 2
38;Aprovar vídeos de pré-captação editados;;Kalinne;;2026-10-14;2. Corredor Polonês – Fase 1 e 2
39;Arrumar nomenclatura dos arquivos de vídeos de pré-captação;;Nayara;;2026-10-15;2. Corredor Polonês – Fase 1 e 2
40;Campanha de Captação;41,42;—;2026-10-22;2026-10-23;3. Captação
41;Liberar para tráfego criativos + legenda de captação;;Apoena;;2026-10-22;3. Captação
42;Subir criativos de captação;;Apoena;;2026-10-23;3. Captação
43;[Pesquisa de leads] Forms;44,45,46,47,48,49,50,51,52;—;2026-10-05;2026-10-21;3. Captação
44;Briefing capa da pesquisa;;Isadora;;2026-10-05;3. Captação
45;Entregar capa da pesquisa;;Maytte;;2026-10-07;3. Captação
46;Aprovar capa da pequisa;;Kalinne;;2026-10-08;3. Captação
47;Copy perguntas pesquisa leads;;Henri;;2026-10-09;3. Captação
48;Aprovar perguntas pesquisa de leads;;Kalinne;;2026-10-13;3. Captação
49;Criar forms e colocar capa da pesquisa;;Hugo;;2026-10-15;3. Captação
50;Pegar link fechado da pesquisa e colocar no domínio;;Hugo;;2026-10-16;3. Captação
51;Colocar o link da pesquisa na descrição dos grupos;;Hugo;;2026-10-19;3. Captação
52;Colocar o link da pesquisa na automação de e-mail boas vindas;;Hugo;;2026-10-21;3. Captação
53;[Captação tráfego] Página de cadastro e obrigado;54,55,56,57,58,59,60,61;—;2026-10-05;2026-10-22;3. Captação
54;Briefing / Copy para página de cadastro e obrigado;;Henri;;2026-10-05;3. Captação
55;Aprovar briefing / copy página de cadastro e obrigado;;Kalinne;;2026-10-07;3. Captação
56;Entregar layout página de cadastro e obrigado;;Maytte;;2026-10-09;3. Captação
57;Aprovar layout página de cadastro e obrigado;;Kalinne;;2026-10-13;3. Captação
58;Implementar página de cadastro e obrigado;;Ericson;;2026-10-14;3. Captação
59;Configurar pixel página de cadastro e obrigado;;Ericson;;2026-10-16;3. Captação
60;Integrações página de cadastro e obrigado;;Ericson;;2026-10-20;3. Captação
61;Conferir e testar página de cadastro e obrigado;;Ericson;;2026-10-22;3. Captação
62;[Automação API] Boas vindas cadastrados;63,64,65;—;2026-10-14;2026-10-23;3. Captação
63;Copy automação API boas vindas cadastrados;;Henri;;2026-10-14;3. Captação
64;Aprovar copy automação API boas vindas cadastrados;;Kalinne;;2026-10-20;3. Captação
65;Criar automação API boas vindas cadastrados;;Hugo;;2026-10-23;3. Captação
66;[Captação orgânica] Instagram;67,68,69;—;2026-10-19;2026-10-23;3. Captação
67;Copy bio instagram;;Henri;;2026-10-19;3. Captação
68;Aprovar copy bio instagram;;Kalinne;;2026-10-21;3. Captação
69;Trocar bio no instagram;;Hugo;;2026-10-23;3. Captação
70;[Grupos WhatsApp] Capa + Configuração;71,72,73,74,75,76;—;2026-10-05;2026-10-21;3. Captação
71;Briefing imagem capa para grupos whatsapp;;Isadora;;2026-10-05;3. Captação
72;Entregar imagem capa para grupos whatsapp;;Maytte;;2026-10-07;3. Captação
73;Aprovar imagem capa dos grupos whatsapp;;Kalinne;;2026-10-12;3. Captação
74;Copy descrição + nome grupos whastapp;;Henri;;2026-10-14;3. Captação
75;Aprovar copy descrição dos grupos whatsapp;;Kalinne;;2026-10-19;3. Captação
76;Abrir grupos do whatsapp;;Hugo;;2026-10-21;3. Captação
77;[Captação tráfego] Criativos vídeos;78,79,80,81,82,83,84,85,86;—;2026-10-08;2026-10-21;3. Captação
78;Copy para vídeos de captação;;Henri;;2026-10-08;3. Captação
79;Aprovar copy vídeos de captação;;Kalinne;;2026-10-09;3. Captação
80;Gravação vídeos de captação;;Robson + Nayara;;2026-10-12;3. Captação
81;Receber vídeos de captação gravados;;Nayara;;2026-10-13;3. Captação
82;Subir vídeos brutos de captação na pasta para editar;;Nayara;;2026-10-14;3. Captação
83;Briefing de edição vídeos de captação;;Isadora;;2026-10-16;3. Captação
84;Entregar vídeos de captação editados;;Jota;;2026-10-19;3. Captação
85;Aprovar vídeos de captação editados;;Kalinne;;2026-10-20;3. Captação
86;Arrumar nomenclatura arquivos vídeos de captação;;Nayara;;2026-10-21;3. Captação
87;[Captação tráfego] Criativos imagens;88,89,90,91;—;2026-10-15;2026-10-21;3. Captação
88;Briefing imagens de captação;;Isadora;;2026-10-15;3. Captação
89;Entregar imagens de captação;;Maytte;;2026-10-16;3. Captação
90;Aprovar imagens de captação;;Kalinne;;2026-10-20;3. Captação
91;Arrumar nomenclatura arquivos imagens de captação;;Nayara;;2026-10-21;3. Captação
92;[Captação tráfego] Copy legenda;93,94;—;2026-10-14;2026-10-20;3. Captação
93;Copy legenda tráfego de captação;;Henri;;2026-10-14;3. Captação
94;Aprovar copy legenda tráfego de captação;;Kalinne;;2026-10-20;3. Captação
95;[Captação orgânica] Youtube;96,97,98,99;—;2026-10-05;2026-10-21;3. Captação
96;Briefing banner capa canal YT;;Isadora;;2026-10-05;3. Captação
97;Entregar banner capa canal YT;;Maytte;;2026-10-09;3. Captação
98;Aprovar banner capa canal YT;;Kalinne;;2026-10-15;3. Captação
99;Trocar banner capa canal YT;;Hugo;;2026-10-21;3. Captação
100;[Automação e-mail] Boas vindas cadastrados;101,102,103;—;2026-10-14;2026-10-23;3. Captação
101;Copy automação de e-mail boas vindas cadastrados;;Henri;;2026-10-14;3. Captação
102;Aprovar copy automação de e-mail boas vindas cadastrados;;Kalinne;;2026-10-20;3. Captação
103;Criar automação e-mail boas vindas cadastrados;;Hugo;;2026-10-23;3. Captação
104;[Captação orgânica] Página de cadastro e obrigado;105,106,107,108;—;2026-10-15;2026-10-22;3. Captação
105;Solicitar para webdesigner página de cadastro orgânica;;Ericson;;2026-10-15;3. Captação
106;Aprovar página de cadastro orgânica;;Kalinne;;2026-10-19;3. Captação
107;Conferir e testar página de cadastro orgânica;;Ericson;;2026-10-20;3. Captação
108;Criar UTMs página de cadastro orgânica;;Ericson;;2026-10-22;3. Captação
109;Campanha Distribuição de Nível de Consciência;110,111;—;2026-10-16;2026-10-19;4. Corredor Polonês – Fase 2
110;Liberar para tráfego criativos distribuição nível de consciência fase 2;;Apoena;;2026-10-16;4. Corredor Polonês – Fase 2
111;Subir criativos de distribuição de nível de consciência fase 2;;Apoena;;2026-10-19;4. Corredor Polonês – Fase 2
112;[Dist. de Nível de Consciência tráfego] Copy legenda fase 2;113,114;—;2026-10-08;2026-10-15;4. Corredor Polonês – Fase 2
113;Copy para tráfego legenda distribuição nível de consciência fase 2;;Henri;;2026-10-08;4. Corredor Polonês – Fase 2
114;Aprovar copy tráfego legenda distribuição nível de consciência fase 2;;Kalinne;;2026-10-15;4. Corredor Polonês – Fase 2
115;[Dist. de Nível de Consciência tráfego] Criativos Vídeos fase 2;116,117,118,119,120,121,122,123,124;—;2026-10-05;2026-10-16;4. Corredor Polonês – Fase 2
116;Copy para videos dist. nível de consciência fase 2;;Henri;;2026-10-05;4. Corredor Polonês – Fase 2
117;Aprovar copy videos dist. nível de consciência fase 2;;Kalinne;;2026-10-06;4. Corredor Polonês – Fase 2
118;Gravação videos dist. nível de consciência fase 2;;Robson + Nayara;;2026-10-07;4. Corredor Polonês – Fase 2
119;Receber vídeos dist. nível de consciência fase 2 gravados;;Nayara;;2026-10-08;4. Corredor Polonês – Fase 2
120;Subir vídeos dist. nível de consciência fase 2 brutos na pasta para editar;;Nayara;;2026-10-09;4. Corredor Polonês – Fase 2
121;Briefing edição vídeos dist. nível de consciência fase 2;;Isadora;;2026-10-13;4. Corredor Polonês – Fase 2
122;Entregar vídeos dist. nível de consciência fase 2 editados;;Jota;;2026-10-14;4. Corredor Polonês – Fase 2
123;Aprovação vídeos dist. nível de consciência fase 2;;Kalinne;;2026-10-15;4. Corredor Polonês – Fase 2
124;Arrumar nomenclatura arquivos vídeos dist. nível de consciência fase 2;;Nayara;;2026-10-16;4. Corredor Polonês – Fase 2
125;Campanhas de Manifesto;126,127;—;2026-10-28;2026-10-30;4. Corredor Polonês – Fase 2
126;Liberar para tráfego criativos + legenda manifesto;;Apoena;;2026-10-28;4. Corredor Polonês – Fase 2
127;Subir criativos manifesto;;Apoena;;2026-10-30;4. Corredor Polonês – Fase 2
128;[Manifesto tráfego] Copy legenda;129,130;—;2026-10-19;2026-10-23;4. Corredor Polonês – Fase 2
129;Copy legenda para tráfego manifesto;;Henri;;2026-10-19;4. Corredor Polonês – Fase 2
130;Aprovar copy legenda tráfego manifesto;;Kalinne;;2026-10-23;4. Corredor Polonês – Fase 2
131;[Manifesto tráfego] Criativos Vídeos;132,133,134,135,136,137,138,139,140;—;2026-10-12;2026-10-30;4. Corredor Polonês – Fase 2
132;Copy vídeos de manifesto;;Henri;;2026-10-12;4. Corredor Polonês – Fase 2
133;Aprovar copy videos de manifesto;;Kalinne;;2026-10-14;4. Corredor Polonês – Fase 2
134;Gravação vídeos manifesto;;Robson + Nayara;;2026-10-16;4. Corredor Polonês – Fase 2
135;Receber vídeos manifesto gravados;;Nayara;;2026-10-19;4. Corredor Polonês – Fase 2
136;Subir vídeos brutos manifesto na pasta para editar;;Nayara;;2026-10-21;4. Corredor Polonês – Fase 2
137;Briefing edição vídeos de manifesto;;Isadora;;2026-10-23;4. Corredor Polonês – Fase 2
138;Entregar vídeos de manifesto editados;;Jota;;2026-10-26;4. Corredor Polonês – Fase 2
139;Aprovar vídeos de manifesto editados;;Kalinne;;2026-10-28;4. Corredor Polonês – Fase 2
140;Arrumar nomenclatura arquivos vídeos de manifesto;;Nayara;;2026-10-30;4. Corredor Polonês – Fase 2
141;[Transmissão aulas] Youtube;142,143,144,145,146;—;2026-10-19;2026-10-30;4. Corredor Polonês – Fase 2
142;Definir nome da aula;;Kalinne;;2026-10-19;4. Corredor Polonês – Fase 2
143;Briefing thumb aula Youtube;;Isadora;;2026-10-21;4. Corredor Polonês – Fase 2
144;Entregar thumb aula Youtube;;Maytte;;2026-10-23;4. Corredor Polonês – Fase 2
145;Aprovar thumb aula Youtube;;Kalinne;;2026-10-28;4. Corredor Polonês – Fase 2
146;Criar aula no Youtube;;Hugo;;2026-10-30;4. Corredor Polonês – Fase 2
147;[Tráfego] Link transmissão aula Youtube;148;—;2026-10-30;2026-11-04;4. Corredor Polonês – Fase 2
148;Colocar link da aula no Youtube no domínio (redirect);;Hugo;;2026-10-30;4. Corredor Polonês – Fase 2
149;Campanha de Antecipação Aula;150,151;—;2026-10-29;2026-10-30;5. Conversão PPL
150;Liberar criativos de antecipação;;Apoena;;2026-10-29;5. Conversão PPL
151;Subir criativos de antecipação;;Apoena;;2026-10-30;5. Conversão PPL
152;[Antecipação tráfego] Copy legenda;153,154;—;2026-10-21;2026-10-28;5. Conversão PPL
153;Copy legenda tráfego de antecipação;;Henri;;2026-10-21;5. Conversão PPL
154;Aprovar copy legenda tráfego de antecipação;;Kalinne;;2026-10-28;5. Conversão PPL
155;[Antecipação tráfego] Criativos Vídeos;156,157,158,159,160,161,162,163,164;—;2026-10-14;2026-10-30;5. Conversão PPL
156;Copy para vídeos de antecipação;;Henri;;2026-10-14;5. Conversão PPL
157;Aprovação copy vídeos de antecipação;;Kalinne;;2026-10-16;5. Conversão PPL
158;Gravação vídeos de antecipação;;Robson + Nayara;;2026-10-19;5. Conversão PPL
159;Receber vídeos de antecipação gravados;;Nayara;;2026-10-20;5. Conversão PPL
160;Subir vídeos brutos de antecipação na pasta para editar;;Nayara;;2026-10-22;5. Conversão PPL
161;Briefing de edição vídeos de antecipação;;Isadora;;2026-10-26;5. Conversão PPL
162;Entregar vídeos de antecipação editados;;Jota;;2026-10-27;5. Conversão PPL
163;Aprovar vídeos de antecipação editados;;Kalinne;;2026-10-28;5. Conversão PPL
164;Arrumar nomenclatura arquivos vídeos de antecipação;;Nayara;;2026-10-30;5. Conversão PPL
165;[Antecipação tráfego] Criativos imagens;166,167,168,169;—;2026-10-22;2026-10-29;5. Conversão PPL
166;Briefing imagens de antecipação;;Isadora;;2026-10-22;5. Conversão PPL
167;Entregar imagens de antecipação;;Maytte;;2026-10-26;5. Conversão PPL
168;Aprovar imagens de antecipação;;Kalinne;;2026-10-27;5. Conversão PPL
169;Arrumar nomenclatura arquivos imagens de antecipação;;Nayara;;2026-10-29;5. Conversão PPL
170;[Antecipação orgânico] Imagens;171,172,173;—;2026-10-22;2026-10-29;5. Conversão PPL
171;Briefing imagens de antecipação;;Isadora;;2026-10-22;5. Conversão PPL
172;Entregar imagens de antecipação;;Maytte;;2026-10-26;5. Conversão PPL
173;Aprovar imagens de antecipação;;Kalinne;;2026-10-29;5. Conversão PPL
174;[Antecipação] API;175,176,177;—;2026-10-21;2026-10-29;5. Conversão PPL
175;Copy antecipação aula API;;Henri;;2026-10-21;5. Conversão PPL
176;Aprovar copy antecipação aula API;;Kalinne;;2026-10-26;5. Conversão PPL
177;Programar API antecipação aula;;Hugo;;2026-10-29;5. Conversão PPL
178;[Antecipação] E-mails;179,180,181;—;2026-10-21;2026-10-29;5. Conversão PPL
179;Copy e-mails de antecipação aula;;Henri;;2026-10-21;5. Conversão PPL
180;Aprovar copy e-mails de antecipação aula;;Kalinne;;2026-10-26;5. Conversão PPL
181;Programar e-mails de antecipação aula;;Hugo;;2026-10-29;5. Conversão PPL
182;[Antecipação] Mensagens grupos whatsapp;183;—;2026-10-26;2026-10-29;5. Conversão PPL
183;Copy mensagens antecipação aula grupos whatsapp;;Henri;;2026-10-26;5. Conversão PPL
184;[Antecipação] URA e SMS;185,186,187;—;2026-10-21;2026-10-29;5. Conversão PPL
185;Copy URA e SMS aula;;Henri;;2026-10-21;5. Conversão PPL
186;Aprovar URA e SMS aula;;Kalinne;;2026-10-26;5. Conversão PPL
187;Programar URA e SMS aula;;Hugo;;2026-10-29;5. Conversão PPL
188;[Funil Live Semanal] Temas;189;—;2026-09-28;2026-09-30;5. Conversão PPL
189;Definir temas das lives semanais;;Kalinne;;2026-09-28;5. Conversão PPL
190;Campanha Ao Vivo (A jato);191,192;—;2026-11-05;2026-11-06;6. Conversão PL
191;Liberar criativos estou ao vivo + link da aula para tráfego;;Apoena;;2026-11-05;6. Conversão PL
192;Subir criativos de estou ao vivo;;Apoena;;2026-11-06;6. Conversão PL
193;[Estou ao vivo (a jato) tráfego] Criativos Vídeos;194,195,196,197,198,199,200,201,202;—;2026-10-19;2026-11-04;6. Conversão PL
194;Copy vídeos estou ao vivo aula;;Henri;;2026-10-19;6. Conversão PL
195;Aprovar copy vídeos estou ao vivo aula;;Kalinne;;2026-10-20;6. Conversão PL
196;Gravação vídeos estou ao vivo aula;;Robson + Nayara;;2026-10-22;6. Conversão PL
197;Receber vídeos estou ao vivo aula gravados;;Nayara;;2026-10-23;6. Conversão PL
198;Subir vídeos brutos de estou ao vivo aulas na pasta para editar;;Nayara;;2026-10-27;6. Conversão PL
199;Briefing de edição vídeos estou ao vivo aula;;Isadora;;2026-10-28;6. Conversão PL
200;Entregar vídeos de estou ao vivo aula editados;;Jota;;2026-10-29;6. Conversão PL
201;Aprovar vídeos estou ao vivo aula editados;;Kalinne;;2026-11-03;6. Conversão PL
202;Arrumar nomenclatura arquivos vídeos estou ao vivo aula;;Nayara;;2026-11-04;6. Conversão PL
203;[Estou ao vivo e Cadê Você] API;204,205,206;—;2026-10-26;2026-11-04;6. Conversão PL
204;Copy API estou ao vivo aula;;Henri;;2026-10-26;6. Conversão PL
205;Aprovar copy API estou ao vivo aula;;Kalinne;;2026-10-29;6. Conversão PL
206;Programar API estou ao vivo aula;;Hugo;;2026-11-04;6. Conversão PL
207;[Estou ao vivo e Cadê Você] E-mails;208,209,210;—;2026-10-26;2026-11-04;6. Conversão PL
208;Copy e-mails estou ao vivo e cadê você aula;;Henri;;2026-10-26;6. Conversão PL
209;Aprovar e-mails estou ao vivo e cadê você aula;;Kalinne;;2026-10-29;6. Conversão PL
210;Programar e-mails estou ao vivo e cadê você aula;;Hugo;;2026-11-04;6. Conversão PL
211;[Materiais aula];212,216,220;—;2026-10-12;2026-11-05;6. Conversão PL
212;Cronômetro aula;213,214,215;—;;2026-10-12;6. Conversão PL
213;Briefing de edição cronômetro aula;;Isadora;;2026-10-13;6. Conversão PL
214;Entregar cronômetro aula editado;;Jota;;2026-10-15;6. Conversão PL
215;Aprovar cronômetro aula;;Kalinne;;2026-10-16;6. Conversão PL
216;Depoimentos;217,218,219;—;;2026-10-19;6. Conversão PL
217;Briefing depoimentos;;Isadora;;2026-10-21;6. Conversão PL
218;Entregar depoimentos;;Maytte;;2026-10-22;6. Conversão PL
219;Aprovar depoimentos;;Kalinne;;2026-10-23;6. Conversão PL
220;PPT aula;221,222,223,224,225;—;;2026-10-26;6. Conversão PL
221;Copy conteúdo aula;;Henri;;2026-10-28;6. Conversão PL
222;Aprovar conteúdo aula;;Kalinne;;2026-10-29;6. Conversão PL
223;Briefing PPT conteúdo aula;;Isadora;;2026-10-30;6. Conversão PL
224;Entregar PPT conteúdo aula;;Maytte;;2026-11-04;6. Conversão PL
225;Aprovar PPT conteúdo aula;;Kalinne;;2026-11-05;6. Conversão PL
226;Campanha Abertura de carrinho;227,228;—;2026-11-05;2026-11-06;7. Conversão L
227;Liberar para tráfego criativos + legenda + link da página inscrições abertas;;Apoena;;2026-11-05;7. Conversão L
228;Subir criativos de inscrições abertas;;Apoena;;2026-11-06;7. Conversão L
229;[Inscrições] Checkout;230,231,232,233,234;—;2026-10-12;2026-10-30;7. Conversão L
230;Briefing banners checkout (vertical e horizontal);;Isadora;;2026-10-12;7. Conversão L
231;Entregar banners checkout;;Maytte;;2026-10-16;7. Conversão L
232;Aprovar banners checkout;;Kalinne;;2026-10-21;7. Conversão L
233;Criar checkout;;Hugo;;2026-10-26;7. Conversão L
234;Colocar link do checkout na página de vendas;;Hugo;;2026-10-30;7. Conversão L
235;[Inscrições tráfego] Página de vendas;236,237,238,239,240,241,242,243;—;2026-09-29;2026-10-30;7. Conversão L
236;Briefing / Copy página de vendas;;Henri;;2026-09-29;7. Conversão L
237;Aprovar briefing / copy página de vendas;;Kalinne;;2026-10-02;7. Conversão L
238;Entregar layout página de vendas;;Maytte;;2026-10-08;7. Conversão L
239;Aprovar layout página de vendas;;Kalinne;;2026-10-13;7. Conversão L
240;Implementar página de vendas;;Ericson;;2026-10-16;7. Conversão L
241;Configurar pixel página de vendas;;Ericson;;2026-10-21;7. Conversão L
242;Integrações páginas de vendas;;Ericson;;2026-10-27;7. Conversão L
243;Conferir e testar página de vendas;;Ericson;;2026-10-30;7. Conversão L
244;[Inscrições tráfego] Copy legenda;245,246;—;2026-10-26;2026-11-04;7. Conversão L
245;Copy legenda tráfego de inscrições abertas;;Henri;;2026-10-26;7. Conversão L
246;Aprovar copy legenda tráfego de inscrições abertas;;Kalinne;;2026-11-04;7. Conversão L
247;[Inscrições tráfego] Criativos Vídeos;248,249,250,251,252,253,254,255,256;—;2026-10-19;2026-11-04;7. Conversão L
248;Copy para vídeos de inscrições abertas;;Henri;;2026-10-19;7. Conversão L
249;Aprovar copy vídeos de inscrições abertas;;Kalinne;;2026-10-20;7. Conversão L
250;Gravação vídeos de inscrições abertas;;Robson + Nayara;;2026-10-22;7. Conversão L
251;Receber vídeos de inscrições abertas gravados;;Nayara;;2026-10-23;7. Conversão L
252;Subir vídeos brutos de inscrições abertas na pasta para editar;;Nayara;;2026-10-27;7. Conversão L
253;Briefing de edição vídeos de inscrições abertas;;Isadora;;2026-10-28;7. Conversão L
254;Entregar vídeos de inscrições abertas editados;;Jota;;2026-10-29;7. Conversão L
255;Aprovar vídeos de inscrições abertas editados;;Kalinne;;2026-11-03;7. Conversão L
256;Arrumar nomenclatura arquivos vídeos inscrições abertas;;Nayara;;2026-11-04;7. Conversão L
257;[Inscrições tráfego] Criativos Imagens;258,259,260,261,262,263;—;2026-10-26;2026-11-04;7. Conversão L
258;Copy imagens de inscrições abertas;;Henri;;2026-10-26;7. Conversão L
259;Aprovar copy imagens de inscrições abertas;;Kalinne;;2026-10-27;7. Conversão L
260;Briefing imagens de inscrições abertas;;Isadora;;2026-10-28;7. Conversão L
261;Entregar imagens de inscrições abertas;;Maytte;;2026-10-30;7. Conversão L
262;Aprovar imagens de inscrições abertas;;Kalinne;;2026-11-03;7. Conversão L
263;Arrumar nomenclatura arquivos imagens inscrições abertas;;Nayara;;2026-11-04;7. Conversão L
264;[Inscrições] Banner capa canal do YT;265,266,267,268;—;2026-10-26;2026-11-05;7. Conversão L
265;Briefing banner canal YT inscrições abertas;;Isadora;;2026-10-26;7. Conversão L
266;Entregar banner canal YT inscrições abertas;;Maytte;;2026-10-28;7. Conversão L
267;Aprovar banner canal YT inscrições abertas;;Kalinne;;2026-11-03;7. Conversão L
268;Trocar no YT banner inscrições abertas;;Hugo;;2026-11-05;7. Conversão L
269;[Inscrições] E-mails;270,271,272;—;2026-10-26;2026-11-05;7. Conversão L
270;Copy e-mails de inscrições;;Henri;;2026-10-26;7. Conversão L
271;Aprovar copy e-mails de inscrições;;Kalinne;;2026-10-30;7. Conversão L
272;Programar e-mails de inscrições;;Hugo;;2026-11-05;7. Conversão L
273;[Incrições] Automação e-mail compras;274,275,276,277;—;2026-10-19;2026-10-30;7. Conversão L
274;Copy e-mails automação compras;;Henri;;2026-10-19;7. Conversão L
275;Aprovar copy e-mails automação compras;;Kalinne;;2026-10-22;7. Conversão L
276;Programar automação compras;;Hugo;;2026-10-27;7. Conversão L
277;Ligar automações de compras;;Hugo;;2026-10-30;7. Conversão L
