Task ID,Task Name,Subtask IDs,Assignee,Start Date,Due Date,Desafio Black Friday,Description
1,Narrativa,"2,3",,2026-09-28,2026-10-01,1. Pré Lançamento,O fio que amarra tudo. Bloqueia a copy de todas as peças. | Campanha roda: —
2,Criar narrativa do lançamento,,henri.d.oliveira@gmail.com,,2026-09-28,1. Pré Lançamento,Responsável: Henri
3,Aprovar narrativa do lançamento,,kalinnepereira@gmail.com,,2026-10-01,1. Pré Lançamento,Responsável: Kalinne
4,Id Visual,"5,6,7",,2026-09-28,2026-10-02,1. Pré Lançamento,BLOQUEIA todo o design. Hoje não existe identidade visual da Black. | Campanha roda: —
5,Briefing id visual do lançamento,,kalinnepereira@gmail.com,,2026-09-28,1. Pré Lançamento,Responsável: Isadora
6,Entregar id visual do lançamento,,maytteteixeira@gmail.com,,2026-09-30,1. Pré Lançamento,Responsável: Maytte
7,Aprovar id visual do lançamento,,kalinnepereira@gmail.com,,2026-10-02,1. Pré Lançamento,Responsável: Kalinne
8,Campanha Distribuição Nível de Consciência fase 1 e 2,"9,10",,2026-09-28,2026-09-29,2. Corredor Polonês – Fase 1 e 2,Template do Ferrari marcava 14/09. Movido para a nossa janela de fase 1. | Campanha roda: 29/09 a 19/10
9,Liberar para tráfego videos + legenda distribuição nível de consciência fase 1 e 2,,,,2026-09-28,2. Corredor Polonês – Fase 1 e 2,"📲 Apoena — prestador de serviço, fora do ClickUp. A Isadora passa por WhatsApp"
10,Subir videos de dist. nível de consciência fase 1 e 2,,,,2026-09-29,2. Corredor Polonês – Fase 1 e 2,"📲 Apoena — prestador de serviço, fora do ClickUp. A Isadora passa por WhatsApp"
11,[Dist. de Nível de Consciência tráfego] Copy legenda fase 1 e 2,"12,13",,2026-09-28,2026-09-29,2. Corredor Polonês – Fase 1 e 2,Campanha roda: 29/09 a 19/10
12,Copy para tráfego legenda distribuição nível de consciência fase 1 e 2,,henri.d.oliveira@gmail.com,,2026-09-28,2. Corredor Polonês – Fase 1 e 2,Responsável: Henri
13,Aprovar copy tráfego legenda distribuição nível de consciência fase 1 e 2,,kalinnepereira@gmail.com,,2026-09-29,2. Corredor Polonês – Fase 1 e 2,Responsável: Kalinne
14,[Dist. de Nível de Consciência tráfego] Criativos Vídeos fase 1 e 2,"15,16,17,18,19,20,21,22,23",,2026-09-28,2026-10-09,2. Corredor Polonês – Fase 1 e 2,"ATENÇÃO: o template prevê GRAVAÇÃO nova. Nossa estratégia usa as ~200 aulas do acervo. Decidir se ""Gravação"" vira ""seleção de trechos"". | Campanha roda: 29/09 a 19/10"
15,Copy para videos dist. nível de consciência fase 1 e 2,,henri.d.oliveira@gmail.com,,2026-09-28,2. Corredor Polonês – Fase 1 e 2,Responsável: Henri
16,Aprovar copy videos dist. nível de consciência fase 1 e 2,,kalinnepereira@gmail.com,,2026-09-29,2. Corredor Polonês – Fase 1 e 2,Responsável: Kalinne
17,Gravação videos dist. nível de consciência fase 1 e 2,,bitzernayara@gmail.com,,2026-09-30,2. Corredor Polonês – Fase 1 e 2,Responsável: Robson + Nayara
18,Receber vídeos dist. nível de consciência fase 1 e 2 gravados,,bitzernayara@gmail.com,,2026-10-01,2. Corredor Polonês – Fase 1 e 2,Responsável: Nayara
19,Subir vídeos dist. nível de consciência fase 1 e 2 brutos na pasta para editar,,bitzernayara@gmail.com,,2026-10-02,2. Corredor Polonês – Fase 1 e 2,Responsável: Nayara
20,Briefing edição vídeos dist. nível de consciência fase 1 e 2,,kalinnepereira@gmail.com,,2026-10-06,2. Corredor Polonês – Fase 1 e 2,Responsável: Isadora
21,Entregar vídeos dist. nível de consciência fase 1 e 2 editados,,joathana02@gmail.com,,2026-10-07,2. Corredor Polonês – Fase 1 e 2,Responsável: Jota
22,Aprovação vídeos dist. nível de consciência fase 1 e 2,,kalinnepereira@gmail.com,,2026-10-08,2. Corredor Polonês – Fase 1 e 2,Responsável: Kalinne
23,Arrumar nomenclatura arquivos vídeos dist. nível de consciência fase 1 e 2,,bitzernayara@gmail.com,,2026-10-09,2. Corredor Polonês – Fase 1 e 2,Responsável: Nayara
24,Campanha de tráfego Pré-Captação,"25,26",,2026-10-15,2026-10-16,2. Corredor Polonês – Fase 1 e 2,Template: 05/10–11/10. Movido para a semana anterior à nossa captação (26/10). | Campanha roda: 19/10 a 25/10
25,Liberar vídeos + legendas de pré-captação para tráfego,,,,2026-10-15,2. Corredor Polonês – Fase 1 e 2,"📲 Apoena — prestador de serviço, fora do ClickUp. A Isadora passa por WhatsApp"
26,Subir criativos de Pré-Captação,,,,2026-10-16,2. Corredor Polonês – Fase 1 e 2,"📲 Apoena — prestador de serviço, fora do ClickUp. A Isadora passa por WhatsApp"
27,[Pré-captação tráfego] Copy legenda,"28,29",,2026-10-08,2026-10-14,2. Corredor Polonês – Fase 1 e 2,Campanha roda: 19/10 a 25/10
28,Copy para legenda tráfego de pré-captação,,henri.d.oliveira@gmail.com,,2026-10-08,2. Corredor Polonês – Fase 1 e 2,Responsável: Henri
29,Aprovar copy legenda tráfego de pré-captação,,kalinnepereira@gmail.com,,2026-10-14,2. Corredor Polonês – Fase 1 e 2,Responsável: Kalinne
30,[Pré-captação tráfego] Criativos vídeos,"31,32,33,34,35,36,37,38,39",,2026-10-05,2026-10-15,2. Corredor Polonês – Fase 1 e 2,Material sai da GRAVAÇÃO 1 (13 e 14/10). | Campanha roda: 19/10 a 25/10
31,Copy vídeos de pré-captação,,henri.d.oliveira@gmail.com,,2026-10-05,2. Corredor Polonês – Fase 1 e 2,Responsável: Henri
32,Aprovar copy vídeos de pré-captação,,kalinnepereira@gmail.com,,2026-10-06,2. Corredor Polonês – Fase 1 e 2,Responsável: Kalinne
33,Gravação vídeos de pré-captação,,bitzernayara@gmail.com,,2026-10-07,2. Corredor Polonês – Fase 1 e 2,Responsável: Robson + Nayara
34,Receber vídeos pré-captação gravados,,bitzernayara@gmail.com,,2026-10-08,2. Corredor Polonês – Fase 1 e 2,Responsável: Nayara
35,Subir vídeos brutos de pré-captação na pasta para editar,,bitzernayara@gmail.com,,2026-10-09,2. Corredor Polonês – Fase 1 e 2,Responsável: Nayara
36,Briefing para edição vídeos de pré-captação,,kalinnepereira@gmail.com,,2026-10-12,2. Corredor Polonês – Fase 1 e 2,Responsável: Isadora
37,Entregar vídeos de pré-captação editados,,,,2026-10-13,2. Corredor Polonês – Fase 1 e 2,"📲 Felipe — prestador de serviço, fora do ClickUp. A Isadora passa por WhatsApp"
38,Aprovar vídeos de pré-captação editados,,kalinnepereira@gmail.com,,2026-10-14,2. Corredor Polonês – Fase 1 e 2,Responsável: Kalinne
39,Arrumar nomenclatura dos arquivos de vídeos de pré-captação,,bitzernayara@gmail.com,,2026-10-15,2. Corredor Polonês – Fase 1 e 2,Responsável: Nayara
40,Campanha de Captação,"41,42",,2026-10-22,2026-10-23,3. Captação,"Template: 12/10–05/11. Nossa captação geral: 15 dias, 26/10 a 09/11. | Campanha roda: 26/10 a 09/11"
41,Liberar para tráfego criativos + legenda de captação,,,,2026-10-22,3. Captação,"📲 Apoena — prestador de serviço, fora do ClickUp. A Isadora passa por WhatsApp"
42,Subir criativos de captação,,,,2026-10-23,3. Captação,"📲 Apoena — prestador de serviço, fora do ClickUp. A Isadora passa por WhatsApp"
43,[Pesquisa de leads] Forms,"44,45,46,47,48,49,50,51,52",,2026-10-05,2026-10-21,3. Captação,NÃO ESTAVA NO MEU PLANO. Diagnóstico da audiência antes de vender. | Campanha roda: 26/10 a 09/11
44,Briefing capa da pesquisa,,kalinnepereira@gmail.com,,2026-10-05,3. Captação,Responsável: Isadora
45,Entregar capa da pesquisa,,maytteteixeira@gmail.com,,2026-10-07,3. Captação,Responsável: Maytte
46,Aprovar capa da pequisa,,kalinnepereira@gmail.com,,2026-10-08,3. Captação,Responsável: Kalinne
47,Copy perguntas pesquisa leads,,henri.d.oliveira@gmail.com,,2026-10-09,3. Captação,Responsável: Henri
48,Aprovar perguntas pesquisa de leads,,kalinnepereira@gmail.com,,2026-10-13,3. Captação,Responsável: Kalinne
49,Criar forms e colocar capa da pesquisa,,,,2026-10-15,3. Captação,"📲 Hugo — prestador de serviço, fora do ClickUp. A Isadora passa por WhatsApp"
50,Pegar link fechado da pesquisa e colocar no domínio,,,,2026-10-16,3. Captação,"📲 Hugo — prestador de serviço, fora do ClickUp. A Isadora passa por WhatsApp"
51,Colocar o link da pesquisa na descrição dos grupos,,,,2026-10-19,3. Captação,"📲 Hugo — prestador de serviço, fora do ClickUp. A Isadora passa por WhatsApp"
52,Colocar o link da pesquisa na automação de e-mail boas vindas,,,,2026-10-21,3. Captação,"📲 Hugo — prestador de serviço, fora do ClickUp. A Isadora passa por WhatsApp"
53,[Captação tráfego] Página de cadastro e obrigado,"54,55,56,57,58,59,60,61",,2026-10-05,2026-10-22,3. Captação,CORRENTE CRÍTICA. Pronta e testada 22/10 — 2 dias úteis antes de abrir a captação. | Campanha roda: 26/10 a 09/11
54,Briefing / Copy para página de cadastro e obrigado,,henri.d.oliveira@gmail.com,,2026-10-05,3. Captação,Responsável: Henri
55,Aprovar briefing / copy página de cadastro e obrigado,,kalinnepereira@gmail.com,,2026-10-07,3. Captação,Responsável: Kalinne
56,Entregar layout página de cadastro e obrigado,,maytteteixeira@gmail.com,,2026-10-09,3. Captação,Responsável: Maytte
57,Aprovar layout página de cadastro e obrigado,,kalinnepereira@gmail.com,,2026-10-13,3. Captação,Responsável: Kalinne
58,Implementar página de cadastro e obrigado,,ericsonsilva.dsg@gmail.com,,2026-10-14,3. Captação,Responsável: Ericson
59,Configurar pixel página de cadastro e obrigado,,ericsonsilva.dsg@gmail.com,,2026-10-16,3. Captação,Responsável: Ericson
60,Integrações página de cadastro e obrigado,,ericsonsilva.dsg@gmail.com,,2026-10-20,3. Captação,Responsável: Ericson
61,Conferir e testar página de cadastro e obrigado,,ericsonsilva.dsg@gmail.com,,2026-10-22,3. Captação,Responsável: Ericson
62,[Automação API] Boas vindas cadastrados,"63,64,65",,2026-10-14,2026-10-23,3. Captação,Campanha roda: 26/10 a 09/11
63,Copy automação API boas vindas cadastrados,,henri.d.oliveira@gmail.com,,2026-10-14,3. Captação,Responsável: Henri
64,Aprovar copy automação API boas vindas cadastrados,,kalinnepereira@gmail.com,,2026-10-20,3. Captação,Responsável: Kalinne
65,Criar automação API boas vindas cadastrados,,,,2026-10-23,3. Captação,"📲 Hugo — prestador de serviço, fora do ClickUp. A Isadora passa por WhatsApp"
66,[Captação orgânica] Instagram,"67,68,69",,2026-10-19,2026-10-23,3. Captação,Campanha roda: 26/10 a 09/11
67,Copy bio instagram,,henri.d.oliveira@gmail.com,,2026-10-19,3. Captação,Responsável: Henri
68,Aprovar copy bio instagram,,kalinnepereira@gmail.com,,2026-10-21,3. Captação,Responsável: Kalinne
69,Trocar bio no instagram,,bitzernayara@gmail.com,,2026-10-23,3. Captação,Responsável: Nayara
70,[Grupos WhatsApp] Capa + Configuração,"71,72,73,74,75,76",,2026-10-05,2026-10-21,3. Captação,Campanha roda: 26/10 a 09/11
71,Briefing imagem capa para grupos whatsapp,,kalinnepereira@gmail.com,,2026-10-05,3. Captação,Responsável: Isadora
72,Entregar imagem capa para grupos whatsapp,,maytteteixeira@gmail.com,,2026-10-07,3. Captação,Responsável: Maytte
73,Aprovar imagem capa dos grupos whatsapp,,kalinnepereira@gmail.com,,2026-10-12,3. Captação,Responsável: Kalinne
74,Copy descrição + nome grupos whastapp,,henri.d.oliveira@gmail.com,,2026-10-14,3. Captação,Responsável: Henri
75,Aprovar copy descrição dos grupos whatsapp,,kalinnepereira@gmail.com,,2026-10-19,3. Captação,Responsável: Kalinne
76,Abrir grupos do whatsapp,,,,2026-10-21,3. Captação,"📲 Hugo — prestador de serviço, fora do ClickUp. A Isadora passa por WhatsApp"
77,[Captação tráfego] Criativos vídeos,"78,79,80,81,82,83,84,85,86",,2026-10-08,2026-10-21,3. Captação,Material sai da GRAVAÇÃO 1 (13 e 14/10). 2 dias úteis de folga antes de subir a campanha. | Campanha roda: 26/10 a 09/11
78,Copy para vídeos de captação,,henri.d.oliveira@gmail.com,,2026-10-08,3. Captação,Responsável: Henri
79,Aprovar copy vídeos de captação,,kalinnepereira@gmail.com,,2026-10-09,3. Captação,Responsável: Kalinne
80,Gravação vídeos de captação,,bitzernayara@gmail.com,,2026-10-12,3. Captação,Responsável: Robson + Nayara
81,Receber vídeos de captação gravados,,bitzernayara@gmail.com,,2026-10-13,3. Captação,Responsável: Nayara
82,Subir vídeos brutos de captação na pasta para editar,,bitzernayara@gmail.com,,2026-10-14,3. Captação,Responsável: Nayara
83,Briefing de edição vídeos de captação,,kalinnepereira@gmail.com,,2026-10-16,3. Captação,Responsável: Isadora
84,Entregar vídeos de captação editados,,joathana02@gmail.com,,2026-10-19,3. Captação,Responsável: Jota
85,Aprovar vídeos de captação editados,,kalinnepereira@gmail.com,,2026-10-20,3. Captação,Responsável: Kalinne
86,Arrumar nomenclatura arquivos vídeos de captação,,bitzernayara@gmail.com,,2026-10-21,3. Captação,Responsável: Nayara
87,[Captação tráfego] Criativos imagens,"88,89,90,91",,2026-10-15,2026-10-21,3. Captação,Campanha roda: 26/10 a 09/11
88,Briefing imagens de captação,,kalinnepereira@gmail.com,,2026-10-15,3. Captação,Responsável: Isadora
89,Entregar imagens de captação,,maytteteixeira@gmail.com,,2026-10-16,3. Captação,Responsável: Maytte
90,Aprovar imagens de captação,,kalinnepereira@gmail.com,,2026-10-20,3. Captação,Responsável: Kalinne
91,Arrumar nomenclatura arquivos imagens de captação,,bitzernayara@gmail.com,,2026-10-21,3. Captação,Responsável: Nayara
92,[Captação tráfego] Copy legenda,"93,94",,2026-10-14,2026-10-20,3. Captação,Campanha roda: 26/10 a 09/11
93,Copy legenda tráfego de captação,,henri.d.oliveira@gmail.com,,2026-10-14,3. Captação,Responsável: Henri
94,Aprovar copy legenda tráfego de captação,,kalinnepereira@gmail.com,,2026-10-20,3. Captação,Responsável: Kalinne
95,[Captação orgânica] Youtube,"96,97,98,99",,2026-10-05,2026-10-21,3. Captação,Campanha roda: 26/10 a 09/11
96,Briefing banner capa canal YT,,kalinnepereira@gmail.com,,2026-10-05,3. Captação,Responsável: Isadora
97,Entregar banner capa canal YT,,maytteteixeira@gmail.com,,2026-10-09,3. Captação,Responsável: Maytte
98,Aprovar banner capa canal YT,,kalinnepereira@gmail.com,,2026-10-15,3. Captação,Responsável: Kalinne
99,Trocar banner capa canal YT,,bitzernayara@gmail.com,,2026-10-21,3. Captação,Responsável: Nayara
100,[Automação e-mail] Boas vindas cadastrados,"101,102,103",,2026-10-14,2026-10-23,3. Captação,Campanha roda: 26/10 a 09/11
101,Copy automação de e-mail boas vindas cadastrados,,henri.d.oliveira@gmail.com,,2026-10-14,3. Captação,Responsável: Henri
102,Aprovar copy automação de e-mail boas vindas cadastrados,,kalinnepereira@gmail.com,,2026-10-20,3. Captação,Responsável: Kalinne
103,Criar automação e-mail boas vindas cadastrados,,,,2026-10-23,3. Captação,"📲 Hugo — prestador de serviço, fora do ClickUp. A Isadora passa por WhatsApp"
104,[Captação orgânica] Página de cadastro e obrigado,"105,106,107,108",,2026-10-15,2026-10-22,3. Captação,Campanha roda: 26/10 a 09/11
105,Solicitar para webdesigner página de cadastro orgânica,,kalinnepereira@gmail.com,,2026-10-15,3. Captação,Responsável: Isadora
106,Aprovar página de cadastro orgânica,,kalinnepereira@gmail.com,,2026-10-19,3. Captação,Responsável: Kalinne
107,Conferir e testar página de cadastro orgânica,,ericsonsilva.dsg@gmail.com,,2026-10-20,3. Captação,Responsável: Ericson
108,Criar UTMs página de cadastro orgânica,,ericsonsilva.dsg@gmail.com,,2026-10-22,3. Captação,Responsável: Ericson
109,Campanha Distribuição de Nível de Consciência,"110,111",,2026-10-16,2026-10-19,4. Corredor Polonês – Fase 2,Campanha roda: 20/10 a 09/11
110,Liberar para tráfego criativos distribuição nível de consciência fase 2,,,,2026-10-16,4. Corredor Polonês – Fase 2,"📲 Apoena — prestador de serviço, fora do ClickUp. A Isadora passa por WhatsApp"
111,Subir criativos de distribuição de nível de consciência fase 2,,,,2026-10-19,4. Corredor Polonês – Fase 2,"📲 Apoena — prestador de serviço, fora do ClickUp. A Isadora passa por WhatsApp"
112,[Dist. de Nível de Consciência tráfego] Copy legenda fase 2,"113,114",,2026-10-08,2026-10-15,4. Corredor Polonês – Fase 2,Campanha roda: 20/10 a 09/11
113,Copy para tráfego legenda distribuição nível de consciência fase 2,,henri.d.oliveira@gmail.com,,2026-10-08,4. Corredor Polonês – Fase 2,Responsável: Henri
114,Aprovar copy tráfego legenda distribuição nível de consciência fase 2,,kalinnepereira@gmail.com,,2026-10-15,4. Corredor Polonês – Fase 2,Responsável: Kalinne
115,[Dist. de Nível de Consciência tráfego] Criativos Vídeos fase 2,"116,117,118,119,120,121,122,123,124",,2026-10-05,2026-10-16,4. Corredor Polonês – Fase 2,COM CTA. Quebra de objeção. Material da GRAVAÇÃO 1. | Campanha roda: 20/10 a 09/11
116,Copy para videos dist. nível de consciência fase 2,,henri.d.oliveira@gmail.com,,2026-10-05,4. Corredor Polonês – Fase 2,Responsável: Henri
117,Aprovar copy videos dist. nível de consciência fase 2,,kalinnepereira@gmail.com,,2026-10-06,4. Corredor Polonês – Fase 2,Responsável: Kalinne
118,Gravação videos dist. nível de consciência fase 2,,bitzernayara@gmail.com,,2026-10-07,4. Corredor Polonês – Fase 2,Responsável: Robson + Nayara
119,Receber vídeos dist. nível de consciência fase 2 gravados,,bitzernayara@gmail.com,,2026-10-08,4. Corredor Polonês – Fase 2,Responsável: Nayara
120,Subir vídeos dist. nível de consciência fase 2 brutos na pasta para editar,,bitzernayara@gmail.com,,2026-10-09,4. Corredor Polonês – Fase 2,Responsável: Nayara
121,Briefing edição vídeos dist. nível de consciência fase 2,,kalinnepereira@gmail.com,,2026-10-13,4. Corredor Polonês – Fase 2,Responsável: Isadora
122,Entregar vídeos dist. nível de consciência fase 2 editados,,joathana02@gmail.com,,2026-10-14,4. Corredor Polonês – Fase 2,Responsável: Jota
123,Aprovação vídeos dist. nível de consciência fase 2,,kalinnepereira@gmail.com,,2026-10-15,4. Corredor Polonês – Fase 2,Responsável: Kalinne
124,Arrumar nomenclatura arquivos vídeos dist. nível de consciência fase 2,,bitzernayara@gmail.com,,2026-10-16,4. Corredor Polonês – Fase 2,Responsável: Nayara
125,Campanhas de Manifesto,"126,127",,2026-10-28,2026-10-30,4. Corredor Polonês – Fase 2,Template: 15/10–05/11. Nossa estratégia sobe o Manifesto em 03/11. | Campanha roda: 03/11 a 09/11
126,Liberar para tráfego criativos + legenda manifesto,,,,2026-10-28,4. Corredor Polonês – Fase 2,"📲 Apoena — prestador de serviço, fora do ClickUp. A Isadora passa por WhatsApp"
127,Subir criativos manifesto,,,,2026-10-30,4. Corredor Polonês – Fase 2,"📲 Apoena — prestador de serviço, fora do ClickUp. A Isadora passa por WhatsApp"
128,[Manifesto tráfego] Copy legenda,"129,130",,2026-10-19,2026-10-23,4. Corredor Polonês – Fase 2,Campanha roda: 03/11 a 09/11
129,Copy legenda para tráfego manifesto,,henri.d.oliveira@gmail.com,,2026-10-19,4. Corredor Polonês – Fase 2,Responsável: Henri
130,Aprovar copy legenda tráfego manifesto,,kalinnepereira@gmail.com,,2026-10-23,4. Corredor Polonês – Fase 2,Responsável: Kalinne
131,[Manifesto tráfego] Criativos Vídeos,"132,133,134,135,136,137,138,139,140",,2026-10-12,2026-10-30,4. Corredor Polonês – Fase 2,Material sai da GRAVAÇÃO 2 (26 e 27/10). | Campanha roda: 03/11 a 09/11
132,Copy vídeos de manifesto,,henri.d.oliveira@gmail.com,,2026-10-12,4. Corredor Polonês – Fase 2,Responsável: Henri
133,Aprovar copy videos de manifesto,,kalinnepereira@gmail.com,,2026-10-14,4. Corredor Polonês – Fase 2,Responsável: Kalinne
134,Gravação vídeos manifesto,,bitzernayara@gmail.com,,2026-10-16,4. Corredor Polonês – Fase 2,Responsável: Robson + Nayara
135,Receber vídeos manifesto gravados,,bitzernayara@gmail.com,,2026-10-19,4. Corredor Polonês – Fase 2,Responsável: Nayara
136,Subir vídeos brutos manifesto na pasta para editar,,bitzernayara@gmail.com,,2026-10-21,4. Corredor Polonês – Fase 2,Responsável: Nayara
137,Briefing edição vídeos de manifesto,,kalinnepereira@gmail.com,,2026-10-23,4. Corredor Polonês – Fase 2,Responsável: Isadora
138,Entregar vídeos de manifesto editados,,,,2026-10-26,4. Corredor Polonês – Fase 2,"📲 Felipe — prestador de serviço, fora do ClickUp. A Isadora passa por WhatsApp"
139,Aprovar vídeos de manifesto editados,,kalinnepereira@gmail.com,,2026-10-28,4. Corredor Polonês – Fase 2,Responsável: Kalinne
140,Arrumar nomenclatura arquivos vídeos de manifesto,,bitzernayara@gmail.com,,2026-10-30,4. Corredor Polonês – Fase 2,Responsável: Nayara
141,[Transmissão aulas] Youtube,"142,143,144,145,146",,2026-10-19,2026-10-30,4. Corredor Polonês – Fase 2,A aula de NÃO ALUNOS é no YouTube. A de alunos é no Zoom. | Campanha roda: 09/11
142,Definir nome da aula,,kalinnepereira@gmail.com,,2026-10-19,4. Corredor Polonês – Fase 2,Responsável: Kalinne
143,Briefing thumb aula Youtube,,kalinnepereira@gmail.com,,2026-10-21,4. Corredor Polonês – Fase 2,Responsável: Isadora
144,Entregar thumb aula Youtube,,maytteteixeira@gmail.com,,2026-10-23,4. Corredor Polonês – Fase 2,Responsável: Maytte
145,Aprovar thumb aula Youtube,,kalinnepereira@gmail.com,,2026-10-28,4. Corredor Polonês – Fase 2,Responsável: Kalinne
146,Criar aula no Youtube,,,,2026-10-30,4. Corredor Polonês – Fase 2,"📲 Hugo — prestador de serviço, fora do ClickUp. A Isadora passa por WhatsApp"
147,[Tráfego] Link transmissão aula Youtube,148,,2026-10-30,2026-11-04,4. Corredor Polonês – Fase 2,Campanha roda: 09/11
148,Colocar link da aula no Youtube no domínio (redirect),,,,2026-10-30,4. Corredor Polonês – Fase 2,"📲 Hugo — prestador de serviço, fora do ClickUp. A Isadora passa por WhatsApp"
149,Campanha de Antecipação Aula,"150,151",,2026-10-29,2026-10-30,5. Conversão PPL,Template: 30/10–05/11. Movido para a janela da nossa aula de 09/11. | Campanha roda: 03/11 a 09/11
150,Liberar criativos de antecipação,,,,2026-10-29,5. Conversão PPL,"📲 Apoena — prestador de serviço, fora do ClickUp. A Isadora passa por WhatsApp"
151,Subir criativos de antecipação,,,,2026-10-30,5. Conversão PPL,"📲 Apoena — prestador de serviço, fora do ClickUp. A Isadora passa por WhatsApp"
152,[Antecipação tráfego] Copy legenda,"153,154",,2026-10-21,2026-10-28,5. Conversão PPL,Campanha roda: 03/11 a 09/11
153,Copy legenda tráfego de antecipação,,henri.d.oliveira@gmail.com,,2026-10-21,5. Conversão PPL,Responsável: Henri
154,Aprovar copy legenda tráfego de antecipação,,kalinnepereira@gmail.com,,2026-10-28,5. Conversão PPL,Responsável: Kalinne
155,[Antecipação tráfego] Criativos Vídeos,"156,157,158,159,160,161,162,163,164",,2026-10-14,2026-10-30,5. Conversão PPL,Material sai da GRAVAÇÃO 2 (26 e 27/10). | Campanha roda: 03/11 a 09/11
156,Copy para vídeos de antecipação,,henri.d.oliveira@gmail.com,,2026-10-14,5. Conversão PPL,Responsável: Henri
157,Aprovação copy vídeos de antecipação,,kalinnepereira@gmail.com,,2026-10-16,5. Conversão PPL,Responsável: Kalinne
158,Gravação vídeos de antecipação,,bitzernayara@gmail.com,,2026-10-19,5. Conversão PPL,Responsável: Robson + Nayara
159,Receber vídeos de antecipação gravados,,bitzernayara@gmail.com,,2026-10-20,5. Conversão PPL,Responsável: Nayara
160,Subir vídeos brutos de antecipação na pasta para editar,,bitzernayara@gmail.com,,2026-10-22,5. Conversão PPL,Responsável: Nayara
161,Briefing de edição vídeos de antecipação,,kalinnepereira@gmail.com,,2026-10-26,5. Conversão PPL,Responsável: Isadora
162,Entregar vídeos de antecipação editados,,joathana02@gmail.com,,2026-10-27,5. Conversão PPL,Responsável: Jota
163,Aprovar vídeos de antecipação editados,,kalinnepereira@gmail.com,,2026-10-28,5. Conversão PPL,Responsável: Kalinne
164,Arrumar nomenclatura arquivos vídeos de antecipação,,bitzernayara@gmail.com,,2026-10-30,5. Conversão PPL,Responsável: Nayara
165,[Antecipação tráfego] Criativos imagens,"166,167,168,169",,2026-10-22,2026-10-29,5. Conversão PPL,Campanha roda: 03/11 a 09/11
166,Briefing imagens de antecipação,,kalinnepereira@gmail.com,,2026-10-22,5. Conversão PPL,Responsável: Isadora
167,Entregar imagens de antecipação,,maytteteixeira@gmail.com,,2026-10-26,5. Conversão PPL,Responsável: Maytte
168,Aprovar imagens de antecipação,,kalinnepereira@gmail.com,,2026-10-27,5. Conversão PPL,Responsável: Kalinne
169,Arrumar nomenclatura arquivos imagens de antecipação,,bitzernayara@gmail.com,,2026-10-29,5. Conversão PPL,Responsável: Nayara
170,[Antecipação orgânico] Imagens,"171,172,173",,2026-10-22,2026-10-29,5. Conversão PPL,Campanha roda: 03/11 a 09/11
171,Briefing imagens de antecipação,,kalinnepereira@gmail.com,,2026-10-22,5. Conversão PPL,Responsável: Isadora
172,Entregar imagens de antecipação,,maytteteixeira@gmail.com,,2026-10-26,5. Conversão PPL,Responsável: Maytte
173,Aprovar imagens de antecipação,,kalinnepereira@gmail.com,,2026-10-29,5. Conversão PPL,Responsável: Kalinne
174,[Antecipação] API,"175,176,177",,2026-10-21,2026-10-29,5. Conversão PPL,Campanha roda: 03/11 a 09/11
175,Copy antecipação aula API,,henri.d.oliveira@gmail.com,,2026-10-21,5. Conversão PPL,Responsável: Henri
176,Aprovar copy antecipação aula API,,kalinnepereira@gmail.com,,2026-10-26,5. Conversão PPL,Responsável: Kalinne
177,Programar API antecipação aula,,,,2026-10-29,5. Conversão PPL,"📲 Hugo — prestador de serviço, fora do ClickUp. A Isadora passa por WhatsApp"
178,[Antecipação] E-mails,"179,180,181",,2026-10-21,2026-10-29,5. Conversão PPL,Campanha roda: 03/11 a 09/11
179,Copy e-mails de antecipação aula,,henri.d.oliveira@gmail.com,,2026-10-21,5. Conversão PPL,Responsável: Henri
180,Aprovar copy e-mails de antecipação aula,,kalinnepereira@gmail.com,,2026-10-26,5. Conversão PPL,Responsável: Kalinne
181,Programar e-mails de antecipação aula,,,,2026-10-29,5. Conversão PPL,"📲 Hugo — prestador de serviço, fora do ClickUp. A Isadora passa por WhatsApp"
182,[Antecipação] Mensagens grupos whatsapp,183,,2026-10-26,2026-10-29,5. Conversão PPL,Campanha roda: 03/11 a 09/11
183,Copy mensagens antecipação aula grupos whatsapp,,henri.d.oliveira@gmail.com,,2026-10-26,5. Conversão PPL,Responsável: Henri
184,[Antecipação] URA e SMS,"185,186,187",,2026-10-21,2026-10-29,5. Conversão PPL,CUSTO DE FORNECEDOR NÃO ORÇADO. Decidir até 21/10 se entra. | Campanha roda: 03/11 a 09/11
185,Copy URA e SMS aula,,henri.d.oliveira@gmail.com,,2026-10-21,5. Conversão PPL,Responsável: Henri
186,Aprovar URA e SMS aula,,kalinnepereira@gmail.com,,2026-10-26,5. Conversão PPL,Responsável: Kalinne
187,Programar URA e SMS aula,,,,2026-10-29,5. Conversão PPL,"📲 Hugo — prestador de serviço, fora do ClickUp. A Isadora passa por WhatsApp"
188,[Funil Live Semanal] Temas,189,,2026-09-28,2026-09-30,5. Conversão PPL,"6 edições, terças 20h30: 29/09, 06/10, 13/10, 20/10, 27/10, 03/11. | Campanha roda: 29/09 a 03/11"
189,Definir temas das lives semanais,,kalinnepereira@gmail.com,,2026-09-28,5. Conversão PPL,Responsável: Kalinne
190,Campanha Ao Vivo (A jato),"191,192",,2026-11-05,2026-11-06,6. Conversão PL,Campanha roda: 09/11
191,Liberar criativos estou ao vivo + link da aula para tráfego,,,,2026-11-05,6. Conversão PL,"📲 Apoena — prestador de serviço, fora do ClickUp. A Isadora passa por WhatsApp"
192,Subir criativos de estou ao vivo,,,,2026-11-06,6. Conversão PL,"📲 Apoena — prestador de serviço, fora do ClickUp. A Isadora passa por WhatsApp"
193,[Estou ao vivo (a jato) tráfego] Criativos Vídeos,"194,195,196,197,198,199,200,201,202",,2026-10-19,2026-11-04,6. Conversão PL,Material sai da GRAVAÇÃO 2 (26 e 27/10). | Campanha roda: 09/11
194,Copy vídeos estou ao vivo aula,,henri.d.oliveira@gmail.com,,2026-10-19,6. Conversão PL,Responsável: Henri
195,Aprovar copy vídeos estou ao vivo aula,,kalinnepereira@gmail.com,,2026-10-20,6. Conversão PL,Responsável: Kalinne
196,Gravação vídeos estou ao vivo aula,,bitzernayara@gmail.com,,2026-10-22,6. Conversão PL,Responsável: Robson + Nayara
197,Receber vídeos estou ao vivo aula gravados,,bitzernayara@gmail.com,,2026-10-23,6. Conversão PL,Responsável: Nayara
198,Subir vídeos brutos de estou ao vivo aulas na pasta para editar,,bitzernayara@gmail.com,,2026-10-27,6. Conversão PL,Responsável: Nayara
199,Briefing de edição vídeos estou ao vivo aula,,kalinnepereira@gmail.com,,2026-10-28,6. Conversão PL,Responsável: Isadora
200,Entregar vídeos de estou ao vivo aula editados,,joathana02@gmail.com,,2026-10-29,6. Conversão PL,Responsável: Jota
201,Aprovar vídeos estou ao vivo aula editados,,kalinnepereira@gmail.com,,2026-11-03,6. Conversão PL,Responsável: Kalinne
202,Arrumar nomenclatura arquivos vídeos estou ao vivo aula,,bitzernayara@gmail.com,,2026-11-04,6. Conversão PL,Responsável: Nayara
203,[Estou ao vivo e Cadê Você] API,"204,205,206",,2026-10-26,2026-11-04,6. Conversão PL,Campanha roda: 09/11
204,Copy API estou ao vivo aula,,henri.d.oliveira@gmail.com,,2026-10-26,6. Conversão PL,Responsável: Henri
205,Aprovar copy API estou ao vivo aula,,kalinnepereira@gmail.com,,2026-10-29,6. Conversão PL,Responsável: Kalinne
206,Programar API estou ao vivo aula,,,,2026-11-04,6. Conversão PL,"📲 Hugo — prestador de serviço, fora do ClickUp. A Isadora passa por WhatsApp"
207,[Estou ao vivo e Cadê Você] E-mails,"208,209,210",,2026-10-26,2026-11-04,6. Conversão PL,Campanha roda: 09/11
208,Copy e-mails estou ao vivo e cadê você aula,,henri.d.oliveira@gmail.com,,2026-10-26,6. Conversão PL,Responsável: Henri
209,Aprovar e-mails estou ao vivo e cadê você aula,,kalinnepereira@gmail.com,,2026-10-29,6. Conversão PL,Responsável: Kalinne
210,Programar e-mails estou ao vivo e cadê você aula,,,,2026-11-04,6. Conversão PL,"📲 Hugo — prestador de serviço, fora do ClickUp. A Isadora passa por WhatsApp"
211,[Materiais aula],"212,216,220",,2026-10-12,2026-11-05,6. Conversão PL,"O ""PPT aula"" é a apresentação dos 11 cursos com capa e preço — 30 min do pitch. Pronto 05/11 para o ensaio. | Campanha roda: 09/11"
212,Cronômetro aula,"213,214,215",,,2026-10-12,6. Conversão PL,
213,Briefing de edição cronômetro aula,,kalinnepereira@gmail.com,,2026-10-13,6. Conversão PL,Responsável: Isadora
214,Entregar cronômetro aula editado,,,,2026-10-15,6. Conversão PL,"📲 Felipe — prestador de serviço, fora do ClickUp. A Isadora passa por WhatsApp"
215,Aprovar cronômetro aula,,kalinnepereira@gmail.com,,2026-10-16,6. Conversão PL,Responsável: Kalinne
216,Depoimentos,"217,218,219",,,2026-10-19,6. Conversão PL,
217,Briefing depoimentos,,kalinnepereira@gmail.com,,2026-10-21,6. Conversão PL,Responsável: Isadora
218,Entregar depoimentos,,,,2026-10-22,6. Conversão PL,"📲 Felipe — prestador de serviço, fora do ClickUp. A Isadora passa por WhatsApp"
219,Aprovar depoimentos,,kalinnepereira@gmail.com,,2026-10-23,6. Conversão PL,Responsável: Kalinne
220,PPT aula,"221,222,223,224,225",,,2026-10-26,6. Conversão PL,
221,Copy conteúdo aula,,henri.d.oliveira@gmail.com,,2026-10-28,6. Conversão PL,Responsável: Henri
222,Aprovar conteúdo aula,,kalinnepereira@gmail.com,,2026-10-29,6. Conversão PL,Responsável: Kalinne
223,Briefing PPT conteúdo aula,,kalinnepereira@gmail.com,,2026-10-30,6. Conversão PL,Responsável: Isadora
224,Entregar PPT conteúdo aula,,maytteteixeira@gmail.com,,2026-11-04,6. Conversão PL,Responsável: Maytte
225,Aprovar PPT conteúdo aula,,kalinnepereira@gmail.com,,2026-11-05,6. Conversão PL,Responsável: Kalinne
226,Campanha Abertura de carrinho,"227,228",,2026-11-05,2026-11-06,7. Conversão L,Campanha roda: 09/11 em diante
227,Liberar para tráfego criativos + legenda + link da página inscrições abertas,,,,2026-11-05,7. Conversão L,"📲 Apoena — prestador de serviço, fora do ClickUp. A Isadora passa por WhatsApp"
228,Subir criativos de inscrições abertas,,,,2026-11-06,7. Conversão L,"📲 Apoena — prestador de serviço, fora do ClickUp. A Isadora passa por WhatsApp"
229,[Inscrições] Checkout,"230,231,232,233,234",,2026-10-12,2026-10-30,7. Conversão L,Checkout geral R$ 1.997. São 3 checkouts na campanha — os outros 2 ficam na lista de alunos e no link privado do grupo A. | Campanha roda: 09/11 em diante
230,Briefing banners checkout (vertical e horizontal),,kalinnepereira@gmail.com,,2026-10-12,7. Conversão L,Responsável: Isadora
231,Entregar banners checkout,,maytteteixeira@gmail.com,,2026-10-16,7. Conversão L,Responsável: Maytte
232,Aprovar banners checkout,,kalinnepereira@gmail.com,,2026-10-21,7. Conversão L,Responsável: Kalinne
233,Criar checkout,,,,2026-10-26,7. Conversão L,"📲 Hugo — prestador de serviço, fora do ClickUp. A Isadora passa por WhatsApp"
234,Colocar link do checkout na página de vendas,,,,2026-10-30,7. Conversão L,"📲 Hugo — prestador de serviço, fora do ClickUp. A Isadora passa por WhatsApp"
235,[Inscrições tráfego] Página de vendas,"236,237,238,239,240,241,242,243",,2026-09-29,2026-10-30,7. Conversão L,"A CORRENTE MAIS LONGA DA CAMPANHA. Depende do preço de tabela dos 11 cursos. É UMA página só, com preço conforme a origem — não duplicar na lista de alunos. | Campanha roda: 09/11 em diante"
236,Briefing / Copy página de vendas,,henri.d.oliveira@gmail.com,,2026-09-29,7. Conversão L,Responsável: Henri
237,Aprovar briefing / copy página de vendas,,kalinnepereira@gmail.com,,2026-10-02,7. Conversão L,Responsável: Kalinne
238,Entregar layout página de vendas,,maytteteixeira@gmail.com,,2026-10-08,7. Conversão L,Responsável: Maytte
239,Aprovar layout página de vendas,,kalinnepereira@gmail.com,,2026-10-13,7. Conversão L,Responsável: Kalinne
240,Implementar página de vendas,,ericsonsilva.dsg@gmail.com,,2026-10-16,7. Conversão L,Responsável: Ericson
241,Configurar pixel página de vendas,,ericsonsilva.dsg@gmail.com,,2026-10-21,7. Conversão L,Responsável: Ericson
242,Integrações páginas de vendas,,ericsonsilva.dsg@gmail.com,,2026-10-27,7. Conversão L,Responsável: Ericson
243,Conferir e testar página de vendas,,ericsonsilva.dsg@gmail.com,,2026-10-30,7. Conversão L,Responsável: Ericson
244,[Inscrições tráfego] Copy legenda,"245,246",,2026-10-26,2026-11-04,7. Conversão L,Campanha roda: 09/11 em diante
245,Copy legenda tráfego de inscrições abertas,,henri.d.oliveira@gmail.com,,2026-10-26,7. Conversão L,Responsável: Henri
246,Aprovar copy legenda tráfego de inscrições abertas,,kalinnepereira@gmail.com,,2026-11-04,7. Conversão L,Responsável: Kalinne
247,[Inscrições tráfego] Criativos Vídeos,"248,249,250,251,252,253,254,255,256",,2026-10-19,2026-11-04,7. Conversão L,Material sai da GRAVAÇÃO 2 (26 e 27/10). | Campanha roda: 09/11 em diante
248,Copy para vídeos de inscrições abertas,,henri.d.oliveira@gmail.com,,2026-10-19,7. Conversão L,Responsável: Henri
249,Aprovar copy vídeos de inscrições abertas,,kalinnepereira@gmail.com,,2026-10-20,7. Conversão L,Responsável: Kalinne
250,Gravação vídeos de inscrições abertas,,bitzernayara@gmail.com,,2026-10-22,7. Conversão L,Responsável: Robson + Nayara
251,Receber vídeos de inscrições abertas gravados,,bitzernayara@gmail.com,,2026-10-23,7. Conversão L,Responsável: Nayara
252,Subir vídeos brutos de inscrições abertas na pasta para editar,,bitzernayara@gmail.com,,2026-10-27,7. Conversão L,Responsável: Nayara
253,Briefing de edição vídeos de inscrições abertas,,kalinnepereira@gmail.com,,2026-10-28,7. Conversão L,Responsável: Isadora
254,Entregar vídeos de inscrições abertas editados,,,,2026-10-29,7. Conversão L,"📲 Felipe — prestador de serviço, fora do ClickUp. A Isadora passa por WhatsApp"
255,Aprovar vídeos de inscrições abertas editados,,kalinnepereira@gmail.com,,2026-11-03,7. Conversão L,Responsável: Kalinne
256,Arrumar nomenclatura arquivos vídeos inscrições abertas,,bitzernayara@gmail.com,,2026-11-04,7. Conversão L,Responsável: Nayara
257,[Inscrições tráfego] Criativos Imagens,"258,259,260,261,262,263",,2026-10-26,2026-11-04,7. Conversão L,Campanha roda: 09/11 em diante
258,Copy imagens de inscrições abertas,,henri.d.oliveira@gmail.com,,2026-10-26,7. Conversão L,Responsável: Henri
259,Aprovar copy imagens de inscrições abertas,,kalinnepereira@gmail.com,,2026-10-27,7. Conversão L,Responsável: Kalinne
260,Briefing imagens de inscrições abertas,,kalinnepereira@gmail.com,,2026-10-28,7. Conversão L,Responsável: Isadora
261,Entregar imagens de inscrições abertas,,maytteteixeira@gmail.com,,2026-10-30,7. Conversão L,Responsável: Maytte
262,Aprovar imagens de inscrições abertas,,kalinnepereira@gmail.com,,2026-11-03,7. Conversão L,Responsável: Kalinne
263,Arrumar nomenclatura arquivos imagens inscrições abertas,,bitzernayara@gmail.com,,2026-11-04,7. Conversão L,Responsável: Nayara
264,[Inscrições] Banner capa canal do YT,"265,266,267,268",,2026-10-26,2026-11-05,7. Conversão L,Campanha roda: 09/11 em diante
265,Briefing banner canal YT inscrições abertas,,kalinnepereira@gmail.com,,2026-10-26,7. Conversão L,Responsável: Isadora
266,Entregar banner canal YT inscrições abertas,,maytteteixeira@gmail.com,,2026-10-28,7. Conversão L,Responsável: Maytte
267,Aprovar banner canal YT inscrições abertas,,kalinnepereira@gmail.com,,2026-11-03,7. Conversão L,Responsável: Kalinne
268,Trocar no YT banner inscrições abertas,,bitzernayara@gmail.com,,2026-11-05,7. Conversão L,Responsável: Nayara
269,[Inscrições] E-mails,"270,271,272",,2026-10-26,2026-11-05,7. Conversão L,Campanha roda: 09/11 em diante
270,Copy e-mails de inscrições,,henri.d.oliveira@gmail.com,,2026-10-26,7. Conversão L,Responsável: Henri
271,Aprovar copy e-mails de inscrições,,kalinnepereira@gmail.com,,2026-10-30,7. Conversão L,Responsável: Kalinne
272,Programar e-mails de inscrições,,,,2026-11-05,7. Conversão L,"📲 Hugo — prestador de serviço, fora do ClickUp. A Isadora passa por WhatsApp"
273,[Incrições] Automação e-mail compras,"274,275,276,277",,2026-10-19,2026-10-30,7. Conversão L,"Confirmação e boas-vindas pós-compra. Se falhar, o comprador paga e não recebe nada. | Campanha roda: 09/11 em diante"
274,Copy e-mails automação compras,,henri.d.oliveira@gmail.com,,2026-10-19,7. Conversão L,Responsável: Henri
275,Aprovar copy e-mails automação compras,,kalinnepereira@gmail.com,,2026-10-22,7. Conversão L,Responsável: Kalinne
276,Programar automação compras,,,,2026-10-27,7. Conversão L,"📲 Hugo — prestador de serviço, fora do ClickUp. A Isadora passa por WhatsApp"
277,Ligar automações de compras,,,,2026-10-30,7. Conversão L,"📲 Hugo — prestador de serviço, fora do ClickUp. A Isadora passa por WhatsApp"
